title,artist,duration,date,popularity,danceability,tempo
Nothing Changed,Quavo,199111,9/30/22,0,0.907,134.902
Stop Breathing,Roddy Ricch,110706,9/30/22,0,0.586,158.457
I'm So Awesome,Kodak Black,187202,9/30/22,0,0.908,108.053
CODE (feat. Moneybagg Yo),Offset,192427,8/26/22,77,0.599,179.49
Blow,Moneybagg Yo,182533,9/22/22,69,0.815,137.036
Detox,Lil Baby,161636,9/2/22,80,0.845,147.031
9 Lives (feat. Polo G & NLE Choppa),DDG,228000,9/30/22,0,0.577,160.088
Ghetto Superstar (feat. G Herbo & Doe Boy),Roddy Ricch,244853,9/8/22,73,0.704,157.093
Shoot It Myself (feat. Future),EST Gee,187843,9/16/22,59,0.798,135.102
2 Mins of Pain (feat. Alborosie),Sleepy Hallow,136695,9/7/22,75,0.886,147.995
Dah Dah DahDah,Nardo Wick,151776,7/22/22,83,0.66,167.912
Pain & Strife (feat. Offset),Freddie Gibbs,157639,9/30/22,0,0.822,146.984
Walk,Kodak Black,166039,9/16/22,73,0.817,130.04
Can't Believe It (feat. 2 Chainz),Kid Cudi,172106,9/30/22,0,0.766,169.949
Flawl��ss (feat. Lil Uzi Vert),Yeat,176124,9/9/22,79,0.474,131.001
From Nothing,Key Glock,169306,8/17/22,74,0.821,125.005
Never Sleep (with Lil Baby feat. Travis Scott),NAV,185785,7/29/22,81,0.819,139.957
Treesha,Lil Tecca,105693,8/26/22,77,0.545,163.847
Sober (feat. Roddy Ricch & Post Malone),YG,253913,9/30/22,0,0.671,83.877
"Save Me, Please",Trippie Redd,127934,9/30/22,0,0.641,143.121
Beat the Odds,Lil Tjay,150000,8/26/22,83,0.498,84.821
Jimmy Cooks (feat. 21 Savage),Drake,218364,6/17/22,91,0.529,165.921
Too Much (feat. Moneybagg Yo),Freddie Gibbs,188869,9/2/22,70,0.799,115.067
Look Ma I Did It,Gucci Mane,207786,9/2/22,71,0.82,128.027
STAYING ALIVE (feat. Drake & Lil Baby),DJ Khaled,178176,8/5/22,85,0.718,129.953
Can't Stop Won't Stop (feat. Kodak Black),King Combs,158350,7/22/22,69,0.906,96.961
Tomorrow 2 (with Cardi B),GloRilla,209811,9/23/22,70,0.791,159.922
"Super Freaky Girl (with JT & BIA feat. Katie Got Bandz, Akbar V & Maliibu Mitch) - Queen Mix",Nicki Minaj,234899,9/9/22,74,0.88,132.982
Vette Motors,YoungBoy Never Broke Again,173419,8/5/22,73,0.83,155.103
Robbery Part 4,Tee Grizzley,180344,9/13/22,66,0.902,97.959
54321,Offset,182325,8/19/22,72,0.934,129.028
Hall of Fame,Young Dolph,238333,7/27/22,72,0.86,137.01
Step 1 (with Offset),SleazyWorld Go,177731,6/17/22,73,0.672,111.55
Us vs. Them (feat. Gucci Mane),Quavo,216013,7/29/22,74,0.726,149.979
Hot Shit (feat. Ye & Lil Durk),Cardi B,211649,7/1/22,79,0.878,157.003
F.N.F. (Let's Go),Hitkidd,137579,5/3/22,73,0.864,157.144
SOCKS,DaBaby,171123,9/23/22,68,0.892,140.969
IDGAF,42 Dugg,138673,8/17/22,70,0.514,108.666
FOR FUN,Lil Uzi Vert,188059,7/23/22,76,0.775,134.028
Falsetto (feat. Lil Tecca),Internet Money,135572,8/19/22,70,0.763,131.05
Yungen (feat. Jack Harlow),Rod Wave,226115,8/12/22,75,0.614,146.02
Talk,Yeat,174857,9/9/22,74,0.698,139.939
Munch (Feelin�۪ U),Ice Spice,104819,8/10/22,77,0.811,166.084
Maniac,YG,166787,9/23/22,63,0.761,94.942
Red Flag,Gucci Mane,207306,9/19/22,64,0.778,140.048
Doja,Central Cee,97392,7/21/22,93,0.911,140.04
Ungrateful (feat. Key Glock),Megan Thee Stallion,154433,8/12/22,72,0.94,130
BILLIE EILISH.,Armani White,99282,5/19/22,88,0.9,100.007
Put It On Me,YoungBoy Never Broke Again,152195,9/7/22,73,0.665,164.205
INDUSTRY BABY (feat. Jack Harlow),Lil Nas X,212000,7/23/21,86,0.736,149.995
goosebumps,Travis Scott,243836,9/16/16,84,0.841,130.049
Knife Talk (with 21 Savage ft. Project Pat),Drake,242965,9/3/21,85,0.849,145.887
Still D.R.E.,Dr. Dre,270586,11/16/99,84,0.816,93.431
4 The Win,D-Block Europe,207083,9/23/22,64,0.76,143.982
N95,Kendrick Lamar,195950,5/13/22,84,0.79,139.956
Wants and Needs (feat. Lil Baby),Drake,192956,3/5/21,84,0.578,136.006
Dior,Pop Smoke,216386,7/26/19,83,0.548,142.094
Hate It Or Love It,The Game,206400,2005,83,0.802,99.998
HIGHEST IN THE ROOM,Travis Scott,175720,10/4/19,82,0.598,76.469
The Box,Roddy Ricch,196652,12/6/19,81,0.896,116.971
Big Stunna (feat. Birdman),Quavo,217613,8/26/22,66,0.79,150.054
Cash In Cash Out,Pharrell Williams,216135,6/10/22,81,0.877,119.971
Praise God,Kanye West,226652,8/29/21,81,0.798,118.029
ROCKSTAR (feat. Roddy Ricch),DaBaby,181733,4/17/20,80,0.746,89.977
Fair Trade (with Travis Scott),Drake,291175,9/3/21,83,0.666,167.937
HOTEL LOBBY (Unc & Phew),Quavo,142657,5/20/22,80,0.821,127.961
pushin P (feat. Young Thug),Gunna,136266,1/13/22,79,0.773,77.502
Dua Lipa,Jack Harlow,135053,5/6/22,79,0.833,158.022
family ties (with Kendrick Lamar),Baby Keem,252069,8/27/21,79,0.711,134.14
m y . l i f e (with 21 Savage & Morray),J. Cole,218801,5/14/21,79,0.597,140.021
Run It Up (feat. Offset & Moneybagg Yo),Lil Tjay,232048,4/2/21,78,0.88,120.031
Way 2 Sexy (with Future & Young Thug),Drake,257604,9/3/21,81,0.803,136.008
Just A Lil Bit,50 Cent,237706,3/3/05,78,0.489,96.946
Sleazy Flow (with Lil Baby) - Remix,SleazyWorld Go,161355,5/26/22,78,0.869,77.47
Churchill Downs (feat. Drake),Jack Harlow,309327,5/6/22,78,0.71,96.448
Distraction,Polo G,171319,6/3/22,78,0.713,156.934
Motley Crew,Post Malone,184213,7/9/21,78,0.797,129.915
Life Is Good (feat. Drake),Future,237735,1/10/20,78,0.676,142.037
EVERY CHANCE I GET (feat. Lil Baby & Lil Durk),DJ Khaled,236524,4/30/21,78,0.477,150.062
Super Gremlin,Kodak Black,200547,10/30/21,77,0.825,72.993
Right On,Lil Baby,213975,4/8/22,77,0.535,165.991
WHATS POPPIN,Jack Harlow,139741,3/13/20,78,0.923,145.062
The Woo (feat. 50 Cent & Roddy Ricch),Pop Smoke,201600,7/3/20,76,0.49,99.7
"Shook Ones, Pt. II",Mobb Deep,325506,4/25/95,76,0.763,93.857
Ramen & OJ,Joyner Lucas,218447,4/30/21,76,0.597,106.196
How We Do,The Game,235533,2005,76,0.862,98.012
"WHATS POPPIN (feat. DaBaby, Tory Lanez & Lil Wayne) - Remix",Jack Harlow,227478,6/24/20,76,0.904,145.013
Count Me Out,Kendrick Lamar,283642,5/13/22,76,0.776,133.999
I'M ON ONE (feat. Drake),Future,236186,4/29/22,76,0.773,76.977
Headshot (feat. Polo G & Fivio Foreign),Lil Tjay,144349,4/2/21,76,0.808,118
Off The Grid,Kanye West,339249,8/29/21,75,0.546,137.728
Solid (feat. Drake),Young Stoner Life,215693,4/16/21,75,0.887,125.987
Nail Tech,Jack Harlow,206385,2/18/22,75,0.677,150.127
Ball If I Want To,DaBaby,112546,6/18/21,75,0.902,139.949
Real Talk,Roddy Ricch,183186,6/24/22,74,0.789,138.033
X Gon' Give It To Ya,DMX,217586,6/12/07,74,0.761,95.027
Can't Be Touched (feat. Mr. Magic & Trouble),Roy Jones Jr.,214400,10/26/04,74,0.642,96.986
WAITRESS,DaBaby,132018,8/12/22,74,0.83,145.901
GREECE (feat. Drake),DJ Khaled,218901,7/16/20,73,0.695,85.84
U-Digg (feat. 42 Dugg & Veeze),Lil Baby,235500,6/17/22,73,0.824,147.496
It Runs Through Me,Tom Misch,261881,4/6/18,68,0.802,96.916
Let It Go,Erick the Architect,223641,12/7/20,64,0.674,139.722
Feather (feat. Cise Starr & Akin from CYNE),Nujabes,175360,11/11/05,63,0.565,180.598
Invocation,Common,134040,9/30/97,62,0.753,83.92
Grown Man Sport,Pete Rock,276373,1998,61,0.801,88.025
The Hop,A Tribe Called Quest,207466,7/30/96,61,0.927,95.525
Yesterday,Loyle Carner,168654,11/11/20,60,0.428,92.035
What They Do,The Roots,357200,9/24/96,59,0.885,92.727
Ziplock,Saba,198960,3/18/21,59,0.878,115.051
Donny In Valdez - PJ's Flip,Pale Jay,113747,5/20/22,58,0.445,81.566
Luv(sic.) pt3 (feat. Shing02),Nujabes,336866,11/11/05,60,0.866,94.997
Where I'm From,Digable Planets,275342,1/1/93,58,0.876,98.304
The Truth,Handsome Boy Modeling School,337200,10/19/99,57,0.703,79.653
Bittersweet Baby,blackwave.,199373,11/8/19,55,0.69,88.018
Terrapin,Ben Beal,173181,2/7/20,55,0.647,87.963
Egyptian Luvr,Rejjie Snow,256613,5/3/18,55,0.834,104.944
Standing There,The Silhouettes Project,226933,12/11/20,55,0.659,96.472
Pain,De La Soul,279754,8/26/16,55,0.908,104.504
Fabrics,Felly,214973,10/20/14,55,0.807,75.589
Doin' Our Own Dang,Jungle Brothers,258933,11/8/89,53,0.835,113.082
Blessing It -remix (feat. Substantial & Pase Rock from Five Deez),Nujabes,203706,8/21/03,53,0.725,101.807
Cookie Chips,Rejjie Snow,259906,7/9/21,54,0.457,91.863
"Pacifics (Sdtrk ""N.Y. Is Red Hot"")",Digable Planets,271373,1/1/93,53,0.736,180.496
Heart Shaped Kisses,Vluestar,168000,5/28/21,53,0.824,90.016
Elusive,blackwave.,222200,10/9/17,52,0.567,167.737
2000 Seasons,Talib Kweli,253068,7/21/15,52,0.767,93.108
Resurrection,Common,227826,10/25/94,52,0.769,91.486
City Lights (feat. Pase Rock & Substantial),Nujabes,194293,12/3/11,53,0.831,99.994
A Little Of This,Grand Puba,220400,6/20/95,52,0.703,168.925
"After The Storm (feat. Tyler, The Creator & Bootsy Collins) - Pete Rock Remix",Kali Uchis,225026,6/8/18,52,0.695,159.03
Chicken Wings - Remix,Samm Henshaw,165565,1/21/22,52,0.646,179.869
Mellow My Man,The Roots,281866,1/17/95,52,0.78,91.482
Blue Skies,Summers Sons,157603,11/23/19,52,0.578,83.133
What Do You Say (Move It Baby),Common,242346,10/30/20,51,0.793,98.957
The Circle,Ivan Ave,209613,2/12/16,51,0.695,174.024
It's Alright,2nd Exit,176884,9/13/16,51,0.776,92.021
Drive Slow,Nix Northwest,221333,9/30/20,50,0.486,89.024
"Ease My Mind - Feat. Tre Hardson, Fat Lip & Omni",Jazz Liberatorz,328573,1/21/08,50,0.69,96.002
The Feeling,Summers Sons,179463,1/15/18,51,0.629,86.827
Jettin',Digable Planets,279373,10/10/94,50,0.843,91.937
Feeling High,The Mouse Outfit,224374,5/4/18,50,0.732,83.021
Street Jazz,Awon,154837,5/8/17,50,0.672,93.114
Make You Feel That Way,Blackalicious,206400,4/30/02,50,0.845,117.929
Feel The Music,Guru,237733,7/18/95,49,0.774,100.357
Children Of The Internet - Ezra Collective Remix,Future Utopia,353346,12/3/20,49,0.514,173.628
Free Your Mind,The Silhouettes Project,251068,12/11/20,49,0.753,88.672
The LP,Large Professor,197066,7/1/09,49,0.831,91.991
POETRY JAM (feat. Foggieraw),Ciscero,198525,5/20/20,48,0.726,92.013
Figure Numatic,Nubiyan Twist,370610,10/31/14,48,0.76,97.021
Dog It,Digable Planets,260693,10/10/94,49,0.901,92.118
The Rain,Awon,163636,3/20/18,48,0.689,87.979
MOVIN',Bluestaeb,153028,7/7/21,48,0.713,163.989
Irreversible,EllMatic,171061,4/10/20,47,0.729,87.34
Gucci Tried to Tell Me,Mick Jenkins,189082,10/29/21,47,0.589,83.124
Call It Love,Summers Sons,250360,9/7/18,47,0.636,83.928
Make It Happen,Glad2Mecha,147617,2/8/19,47,0.779,90.899
Oh Word,Ivan Ave,194019,6/18/19,46,0.479,98.376
Breakadawn,De La Soul,254928,2014,46,0.839,95.895
Head Highs,Malaki,155346,7/29/21,46,0.806,82.1
Chapter 7 (feat. Ty),Ezra Collective,287320,4/20/16,45,0.787,105.041
Organic Rust,Alfa Mist,276252,4/23/21,45,0.696,89.938
Got Me Thinkin' (feat. Sparkz),The Mouse Outfit,223772,5/20/13,45,0.813,90.807
IMMORTAL,Ricki Monique,185298,1/25/22,45,0.718,88.981
Carefree,Mick Jenkins,190116,1/3/20,45,0.873,137.543
Memories Live,Reflection Eternal,238573,10/17/00,45,0.607,88.981
In My Room,Khary,211384,7/14/21,45,0.899,129.964
You Don't Know,Loyle Carner,250450,1/16/19,45,0.716,92.147
Talk About Us,Kofi Stone,195821,6/12/19,44,0.9,92.007
Can't Let You Go (feat. Nick Grant),Terrace Martin,193616,4/2/21,44,0.863,111.958
Nobody's Perfect,Anti Lilly,201011,8/21/17,44,0.671,83.296
Fr�_o Blues,Marki,165000,8/5/22,44,0.706,92.022
Violets (feat. Phonte),Miles Davis,203680,5/27/16,44,0.785,91.835
Call You?,ArmstrongWW,205865,4/20/22,43,0.658,168.06
Late Night Link,KeepVibesNear,194545,3/16/22,44,0.885,132.005
Shine Thru,FloFilz,187175,12/4/15,44,0.799,88.501
Sunlit Days,Syrup,218240,9/18/20,44,0.747,86.928
Scottie Pippen,Mick Jenkins,233154,10/22/21,44,0.367,144.362
Blue In Green,Anti Lilly & Phoniks,200829,3/8/14,44,0.792,91.992
Wassup,RAIZA BIZA,243711,9/11/16,44,0.737,97.011
Flashback,Submerse,153750,9/27/19,44,0.773,95.965
Down,Hemlock Ernst,258461,10/25/19,44,0.834,103.969
The Stars My Destination,PENPALS,180290,5/22/20,43,0.503,79.497
Laid Back,Koralle,199640,1/29/21,43,0.73,86.825
Politickin,Syrup,205013,9/18/20,43,0.789,90.058
New Day,Abstract Orchestra,145051,2/23/18,43,0.748,91.941
Chino,Awon,143903,7/27/22,43,0.639,92.843
Low,Kyle McEvoy,126839,4/2/21,43,0.683,77.622
Why Don't You Come on Over,love-sadKID,152000,8/27/21,43,0.772,95.016
Get Lost (feat. Regis Molina),JuJu Rogers,297990,12/2/16,43,0.665,93.05
Tulips,Damu The Fudgemunk,334374,5/15/20,42,0.437,106.041
Watching You,Godfather Don,207992,3/27/20,42,0.876,106.096
What Am I to Do?,Ezra Collective,244733,4/3/19,42,0.81,96.696
What U Need,The Silhouettes Project,216866,12/11/20,42,0.596,108.925
Keep It Stepping,Koralle,180026,1/29/21,42,0.579,78.322
Go So Far,Busty and the Bass,242747,7/22/20,42,0.699,84.989
Breakfast At Denny's,Buckshot LeFonque,354640,2000,42,0.76,87.433
That Jazz,Coops,188764,2/2/18,41,0.65,88.848
First Law of Nature Rock Day (feat. Denmark Vessey),Dabrye,212546,2/16/18,41,0.754,94.007
Flowers On The Weekend,Asher Roth,152227,4/23/20,42,0.541,80.469
"Black Superhero [Feat. Killer Mike, BJ The Chicago Kid & Big K.R.I.T.]",Robert Glasper,355720,1/13/22,41,0.489,180.369
Avec Moi,Froid,202453,8/17/22,57,0.789,88.087
Poesia Ac̼stica 13,Pineapple StormTv,628124,9/20/22,78,0.572,127.982
Penelope,BIN,171513,1/28/22,63,0.718,120.009
Vida Toda - Spotify Singles,L7NNON,153245,10/13/21,68,0.755,129.833
Expectativas,3030,201459,7/1/22,54,0.75,136.937
Pensando Em N�_s - Ac̼stico,Nanno,193408,9/30/22,0,0.564,121.707
Bem Pra Mim,Altamira,207368,9/9/22,43,0.737,113.995
Poesia Ac̼stica 12 - Pra Sempre,Pineapple StormTv,472173,2/24/22,75,0.636,91.976
Amor Bandido,3030,244999,9/23/22,47,0.585,191.855
Golpe Baixo,Fabio Brazza,204000,9/28/22,0,0.488,83.103
A Culpa �� Minha,Matheusinho,197114,7/26/22,51,0.509,115.726
J�� Vou,Cortesia Da Casa,177015,7/15/22,54,0.563,94.43
Hoje Vou A�_ Te Ver,Stanley Castro,170086,9/30/22,0,0.742,115.085
Esbo̤o,Ikki,126853,9/23/22,34,0.794,123.064
Poesia Ac̼stica #9: Melhor Forma,Pineapple StormTv,611076,7/10/20,71,0.733,130.026
Problem��tico,Ikki,171106,4/22/22,48,0.653,129.447
Melhor Lugar,LUE,168031,6/17/22,46,0.628,80.891
Buzz Lightyear,Pineapple StormTv,253757,2/21/18,62,0.524,82.883
Session 2000 #1 - Nosso Caso,Malcolm VL,170668,6/3/22,45,0.725,89.929
Ac̼stico Altamira #1 - Ubatuba,Pel̩ MilFlows,336000,5/6/22,46,0.48,200.334
Se Faz de Louca,TG Marollie,148500,5/27/22,43,0.55,159.829
Peda̤o de Mim,OIK,202318,11/6/20,63,0.623,94.55
Vagabundo Tamb̩m Ama / Vida Longa Mundo Pequeno - Ac̼stico,Oriente,529597,7/25/14,55,0.552,79.947
Vegana,Alaska,196721,4/20/22,46,0.722,121.105
Poesia Ac̼stica 11: Nada Mudou,Pineapple StormTv,600000,6/23/21,71,0.725,119.985
At̩ o Final,Caio Luccas,144682,8/29/21,56,0.594,79.927
Afrodite,EXQUE��A TUDO PAPAI,187666,7/8/22,42,0.409,143.531
Pensei em Voc̻,Sadness :c,120178,2/25/22,47,0.741,143.93
Acorda,26:15:00,176924,4/28/22,41,0.562,84.456
Doc̻,Ikki,134769,3/25/22,44,0.726,129.87
Poesia Ac̼stica #6: Era uma Vez,Pineapple StormTv,577819,12/24/18,74,0.518,93.885
Perdi̤̣o,L7NNON,275000,8/23/19,67,0.842,119.989
Ap̻ 1001,BIN,171428,6/10/21,63,0.575,139.938
Pura Iluṣo,BIN,167348,11/11/21,59,0.484,127.119
Probleminha Di��rio (Papasessions #7),L7NNON,245625,11/6/20,59,0.621,81.916
Acabou (Papasessions #5) [feat. CALIFFA],Pk,259260,10/4/19,55,0.663,123.237
Poesia Ac̼stica 10: Recome̤ar,Pineapple StormTv,682816,11/27/20,68,0.739,142.055
MNB Quase Ac̼stico #4 - Coisa Louca,Ṃolee,276980,12/1/20,61,0.813,100.932
Poesia Ac̼stica - Paris,Pineapple StormTv,420000,3/19/20,64,0.692,87.98
Poesia Ac̼stica Ep. Acabou,Pineapple StormTv,270000,1/18/21,55,0.641,93.97
Mar�_lia Mendon̤a,BIN,113519,5/29/20,59,0.633,139.755
Poesia Ac̼stica Ep. Jeri,Pineapple StormTv,262978,1/25/21,52,0.805,110.008
Alma de Cigana,3030,131300,8/1/20,57,0.572,86.505
Mano Como Ela Fode,Gu,144000,3/11/21,44,0.731,170.117
War,Filipe Ret,152582,3/18/21,65,0.573,150.85
Saturno,BIN,186947,12/10/20,68,0.694,95.003
Berenice (Papasessions #6) [feat. CALIFFA],L7NNON,301546,3/27/20,58,0.705,160.144
Gerib�� (Papasessions #8) [feat. OIK],Papasessions,222576,3/5/21,58,0.814,129.769
Perfume,Konai,204088,2/13/20,57,0.558,85.445
Pipa Voada (feat. Emicida),Rashid,185333,1/22/20,62,0.758,90.038
Mnb Quase Ac̼stico #5 - Qual Vai?,Ṃolee,267000,4/30/21,42,0.575,81.305
Cigana,Malibu,265753,11/8/19,63,0.676,145.959
Melhor Assim,AURORA,302857,11/27/20,42,0.715,83.93
Sede de N�_s Dois,Card Principal,238451,3/12/21,42,0.662,155.888
Quantas Vezes?,2STRANGE,213333,7/10/20,40,0.833,134.982
Pede pra Ficar,Muzzike,175020,4/23/21,40,0.654,130.098
Mil Motivos,1Kilo,204939,10/23/20,43,0.491,175.575
Mina Certa,Altamira,146556,3/19/21,42,0.673,145.185
Amante - Ac̼stico,Maquiny,236045,12/17/20,53,0.492,116.028
Qu�_mica,MC Cabelinho,153413,3/24/20,55,0.684,91.283
Abre a porta,L7NNON,142500,2/6/20,54,0.635,95.995
Pra Praia,26:15:00,186297,4/19/21,52,0.597,85.435
Equa̤̣o,Mun-Ra,182205,8/7/20,48,0.611,117.825
Ac̼stico Altamira #8 - Leonina,Altamira,282666,8/10/20,44,0.572,89.253
Marginais Ac̼stico #1,Pk,226730,12/26/19,49,0.705,89.016
Ac̼stico Altamira #2 - Aquariana,Altamira,245398,1/29/20,44,0.538,90.966
Contratei o Tempo,Katari SC,216338,8/21/20,39,0.826,142.015
Voc̻ Ṇo Ama Ningu̩m 2,Pineapple StormTv,300000,1/27/20,56,0.652,135.994
O Final,Pel̩ MilFlows,192989,12/10/19,48,0.708,97.004
Poesia Ac̼stica #8: Amor e Samba,Pineapple StormTv,614615,12/15/19,62,0.667,156.016
Algumas frases,L7NNON,201724,4/24/20,54,0.621,116.079
Eu Ṇo Sou Ṭo Bom Assim,Pineapple StormTv,242526,7/26/19,65,0.806,94.991
Ṇo Volto,Felp 22,170666,10/4/19,49,0.543,88.496
"Pode Me Esperar (feat. Meucci, Tasdan & Agatha)",MTK,210012,9/6/19,42,0.689,104.068
Foda Que Ela �� Linda - Ao Vivo,3030,183693,9/6/19,42,0.649,147.929
Sheraton,Miszel,164858,9/13/22,72,0.583,150.031
Do Tanca,Malik Montana,154285,9/18/22,69,0.749,111.986
Ma��e Krople,Young Igi,164363,8/31/22,71,0.759,164.89
any�_owe �_elki,Chivas,133000,9/22/22,57,0.738,150.009
JESTEM POJ384NY,Mata,178856,8/11/22,77,0.681,140.041
KETCHUP,2115,188142,9/8/22,72,0.757,140.032
Mi��o�݀� na sprzeda�_,Pezet,199384,9/30/22,0,0.542,79.477
Pleasure,Young Igi,160551,9/26/22,52,0.905,144.997
Pi��kny �_wiat,Gibbs,233370,5/19/22,73,0.516,90.263
MISS ME,Kukon,178909,9/29/22,0,0.774,110.034
Nie Mam Czasu Na Wakacje,��abson,187058,6/30/22,72,0.887,135.966
Fiu Fiu,Kizo,161495,9/15/22,65,0.78,107.015
TURYSTA,2115,168230,8/4/22,71,0.844,130.043
Palma na blokach,Beteo,189093,9/30/22,0,0.832,132.06
kupi�� jej gaz czy torebk��?,Chivas,147374,9/15/22,68,0.641,159.973
Doja Cat,Oki,167058,6/9/22,71,0.859,101.979
Znikam,Gibbs,271704,8/4/22,64,0.706,88.544
SI�� WJE��D��A,W��ODAR,121333,7/23/21,67,0.907,89.983
Chainz,Szczyl,214813,9/30/22,0,0.792,126.003
dres,Miszel,175890,4/1/22,67,0.649,146.085
BEEF,White Widow,189633,9/9/22,65,0.682,161.83
Self Made,Malik Montana,114187,5/30/22,66,0.58,160.201
Oda do butli,Szymi Szyms,184017,9/20/22,57,0.708,116.064
kole�_anko mojej by��ej,Chivas,152666,9/22/22,66,0.648,164.902
XXL,Trill Pem,149333,9/27/22,10,0.705,179.951
"Pieni��dze, Dziewczyny, Zwrotki",Oki,183133,6/9/22,65,0.783,134.012
RiRi,White 2115,151106,6/24/22,70,0.821,135.079
Nie Z Tego �_wiata,��abson,195428,8/9/22,64,0.899,140.047
Fuego,Louis Villain,166000,9/29/22,0,0.885,119.998
BRUCE,2115,123749,7/19/22,67,0.817,129.971
HORYZONT,Asster,171712,8/12/22,62,0.892,136.897
Zanim przyjdzie dzie��,Gibbs,246000,9/4/22,60,0.839,119.949
200 os�_b w kawalerce,Kinny Zimmer,172233,5/13/22,65,0.916,140.057
Wjazd,Malik Montana,184980,8/19/22,66,0.639,187.486
M��ODY MA TO,BUHAJ KLAN,135306,7/21/22,62,0.842,145.162
W cenie,Kabe,199093,7/1/22,61,0.565,84.168
BEDOESIARA,2115,169428,5/26/22,69,0.921,104.986
ztb,Favst,207000,7/22/22,67,0.773,110.025
Pijemy Za Lepszy Czas,Smolasty,142657,5/27/22,72,0.709,143.134
Chabo,Guzior,178736,9/14/22,63,0.752,94.99
PATOPROHIBICJA (28.01.2022),Mata,197052,5/27/22,70,0.735,95.035
Jakie To Uczucie?,Oki,162935,5/16/22,70,0.822,109.034
La Manga,Alberto,180806,5/5/22,70,0.844,115.001
Bry��a (Club Edit),Kronkel Dom,155076,9/9/22,62,0.941,130.022
Tarcho Terror,Otsochodzi,87887,8/4/22,62,0.772,142.037
Bellucci,Louis Villain,194000,8/18/22,64,0.779,109.913
Sezon,Smolasty,132187,8/9/22,67,0.757,127.935
Ton��cy,Pezet,275887,9/21/22,55,0.721,106.981
Wi��cej,Diho,122571,9/13/22,55,0.571,139.859
VANILLA (Remix),FRIZ,187543,9/23/22,49,0.571,160.084
F̩nix,Liricistas,166069,5/27/22,34,0.723,87.937
Mil Vidas,Bubaseta,188764,2/18/22,45,0.656,87.844
Belleza,Movimiento Original,214378,11/5/21,52,0.662,88.512
Phiesta,Chystemc,199176,1/21/22,49,0.764,87.967
Verte Cerquita,Movimiento Original,232721,9/10/20,62,0.552,86.374
Tinta Extinta,Liricistas,208586,12/10/21,35,0.626,89.725
Ahora (Disfruta Pt. II),Cidtronyck,262460,10/1/21,49,0.789,85.974
La Paz,Aerstame,173710,6/17/22,36,0.712,92.052
Boombarrio,Chystemc,206929,2/26/21,54,0.687,100.022
LA SAGA,Jonas Sanche,233906,4/21/22,45,0.591,95.613
I Love You a Lo V�_o,Chystemc,311500,11/11/16,57,0.727,91.512
No Ver��n,Ambar Luna,205712,3/4/22,31,0.541,106.919
E. U. C. S. L.,Stailok,193273,12/17/21,35,0.652,90.943
Preparao,Movimiento Original,213770,8/23/17,54,0.708,89.882
III Figura,Como Asesinar a Felipes,212936,7/15/22,33,0.681,95.942
Lo Que No Te Cont̩,KMC,222682,10/15/21,36,0.868,90.033
Mi Camino,Aerstame,203076,12/13/19,33,0.618,87.333
Sexy,Gran Rah,262000,1/10/20,37,0.623,89.963
Amor de Rapper,Gran Rah,211001,4/24/20,30,0.696,93.054
Huye,Adickta Sinfon�_a,255483,4/8/22,33,0.754,92.969
Loba,EnSecreto,264226,8/27/18,44,0.857,88.996
1977,Ana Tijoux,201986,4/27/10,54,0.697,103.926
El Juego Verdadero,Tiro De Gracia,192293,12/4/20,24,0.849,95
No Te Miento,Aerstame,283692,4/16/21,39,0.516,86.585
Que Te Vaya Bien,Flor De Rap,180326,3/1/19,34,0.681,92.141
Flor Te Mata,Flor De Rap,172857,11/26/21,29,0.608,109.314
WATCH ME / NA' DE MI (feat. Antioch),Jonas Sanche,153623,9/23/21,29,0.575,139.985
Artista,Bubaseta,94551,7/30/21,32,0.629,127.022
Lil Dangerous,Nfx,216504,12/10/21,26,0.853,89.994
Mentirita Piadosa: Versi�_n 2,Bascur,173832,3/7/21,32,0.737,91.632
Mi Mejor Rima,ADIONE,222256,11/11/21,29,0.791,140.022
Hiphappy,El Shaaki,391000,1/8/21,34,0.737,95.104
Nuevo Comienzo,Cidtronyck,195226,11/14/17,50,0.827,91.983
Viejos Habitantes,Geoenezetao,137197,6/2/19,46,0.799,90.987
Sexy - Remix,Gran Rah,283379,9/11/20,35,0.677,90.049
Etc...,Movimiento Original,183298,4/3/20,30,0.755,95.778
Empezar Por M�_,Liricistas,209280,12/10/21,31,0.535,177.961
DA KNOWLEDGE,Jonas Sanche,168600,7/8/21,38,0.793,90.102
THE ROOKIE,Ak4:20,170306,7/10/21,52,0.748,90.012
Rimas Bravas,Adickta Sinfon�_a,262666,2/4/22,31,0.674,90.076
Por un Dolar,Cevlade,165817,5/15/20,24,0.665,85.864
T̩tricx$,Benour,170679,8/20/20,23,0.72,84.664
Salsa Pa Mojar,Uf Dog,221651,8/14/20,21,0.818,87.753
Ya Vendr��n,Liricistas,187399,6/4/21,25,0.726,136.033
Viaje Sin Rumbo - Cover,EnSecreto,215625,11/11/21,22,0.802,89.984
Lucha,AKACATS,206649,6/17/21,26,0.85,90.032
El Resultado,Mamborap,215550,7/30/21,27,0.851,92.08
Metamorfosis,Flor De Rap,219428,6/18/21,28,0.686,139.873
Libro Abierto - Remix,Lenwa Dura,173647,5/24/21,22,0.659,84.919
Cienfuegos,Bronko Yotte,214347,10/9/20,32,0.738,117.117
Mi Moment,ADIONE,198511,5/20/21,24,0.846,102.035
Saquen Bocina,Natan El Profeta,195697,10/29/20,33,0.564,168.286
Grizzy Bars,Gronex,125000,3/11/21,23,0.545,167.913
Forial,Droow,178517,2/19/21,28,0.618,170.119
Coge Aqu�_,Al2 El Aldeano,240000,10/9/20,33,0.565,155.714
D�_nde Est��,Terrible,206511,10/11/21,26,0.66,86.161
Raiz,Tiro De Gracia,259665,2/26/21,29,0.791,90.018
Tren,Cevlade,206897,5/28/21,23,0.813,98.084
Semilla,Tiro De Gracia,216386,1/22/21,26,0.738,91.022
Aunque No Valga Nada,Droow,230058,1/1/21,26,0.583,79.411
Don't Stop,Flor De Rap,213750,5/15/20,34,0.808,128.008
Toca Perder,Al2 El Aldeano,243561,1/15/21,24,0.735,84.971
Soldiers,Gran Rah,203374,5/22/20,23,0.816,95.018
Champurria (Mestizo - Mestiza),Luanko,221027,4/8/21,27,0.802,92.995
Pir��mide,Al2 El Aldeano,237541,2/26/21,23,0.534,167.38
Definitiva-Mente,Afaz Natural,227727,10/30/20,29,0.737,87.981
Rebeli�_n de Octubre,Ana Tijoux,247000,10/16/20,30,0.537,135.029
Diferencias,Jonas Sanche,214478,4/17/20,28,0.738,78.599
Fyah Burning,Subwoffer,189386,7/23/21,36,0.529,162.423
Laberinto,Delta Mc,128390,10/9/20,22,0.771,90.257
Ellos Solo Quer�_an un Cambio,Claudio Bastardo,163963,10/2/20,22,0.502,164.409
Felicidad,Afaz Natural,192592,10/2/20,33,0.677,81.071
Tiempo De Reflexionar (Qu̩date En Casa),Liricistas,147746,12/10/21,23,0.578,88.077
Laif Is Tu Short,Brous One,156941,7/10/20,49,0.635,83.434
El Lamento del Pueblo,Cevlade,247086,5/8/20,23,0.741,91.734
Camino Solo,Nfx,293562,4/17/20,29,0.612,85.501
Resistir̩,Flor De Rap,220738,1/10/20,31,0.679,88.065
Ya No Tengo Tiempo,ADIONE,157886,9/10/20,25,0.866,94.991
Siempre en el Top,Lenwa Dura,234361,8/2/19,22,0.747,89.861
Ragnarok,Borderline,131689,4/24/20,27,0.651,134.428
Casa De Espejos,Liricistas,263509,2/21/20,26,0.747,143.032
Como Jugando,Cevlade,184374,4/10/20,24,0.836,88.891
Tic Tac,Mamborap,195600,6/21/19,28,0.835,101.95
Vac�_o Lleno,Gran Rah,234015,7/5/19,28,0.493,73.147
Capital Bacteria,Soledades Pasajeras,175317,4/2/20,20,0.558,88.247
Story,Metaling�_�_stica,181177,4/9/20,25,0.869,112.01
Free Estilo,Delta Mc,260000,7/12/19,21,0.743,91.862
Te Invito a Mi Pa�_s (El Nuevo),Cevlade,223509,4/17/20,24,0.637,170.081
Welcome,Escala Mercalli,150000,8/16/19,31,0.712,81.992
CA,Catana,170364,7/12/19,30,0.62,135.773
Vine,Funky Flu,223183,7/29/19,28,0.547,82.49
Ofrenda,Hijos de las Hojas,184000,8/30/19,27,0.569,85.601
Amor Por Los Textos,Liricistas,217120,12/10/21,25,0.554,79.908
Tiempos Violentos,Cidtronyck,221807,8/20/21,26,0.789,88.025
Se Armo El Kilombo,Omega El CTM,228627,12/10/21,23,0.694,92.21
Primera Vez,Liricistas,231813,12/10/21,33,0.637,91.178
Warzone Z,Nfx,183999,3/26/21,32,0.857,100
Dile Dile Remix,Ak4:20,234418,4/29/20,51,0.668,85.934
Cactus Jack (Crema Lirical #4),Claudio Bastardo,161833,2/4/22,26,0.683,90.891
Trascender,Ambar Luna,207028,7/10/20,34,0.766,86.024
Oitavo Anjo,509-E,328373,6/28/00,57,0.795,84.71
"Vida Loka, Pt. 1",Racionais MC's,303560,10/7/02,69,0.569,82.38
That's My Way,Edi Rock,339773,6/4/13,62,0.768,83.015
Favela Sinistra,Trilha Sonora do Gueto,215880,4/2/03,51,0.723,111.326
Uc̻ Lembra,Trilha Sonora do Gueto,324579,3/30/22,37,0.779,119.977
Desabafo / Deixa Eu Dizer,Marcelo D2,175666,1/1/08,65,0.6,85.409
Caṇo Foi Ṭo Bom,Sabotage,330799,10/17/16,57,0.663,172.006
Eu Viajei no Meu R��dio,Radiola Santa Rosa,209333,3/7/22,34,0.7,89.963
Dia de Visita - Ao Vivo,Realidade Cruel,288000,9/23/22,24,0.49,86.769
At̩ U Infernu Acab��,Trilha Sonora do Gueto,353310,2/4/22,36,0.846,120.007
Tudo por Voc̻ Tamb̩m,Xis,369800,5/20/20,35,0.645,158.06
A Missiva,Trilha Sonora do Gueto,343831,1/14/22,33,0.789,110.047
Rap �� Compromisso,Sabotage,263986,11/20/14,59,0.869,87.217
L. Gelada - 3 da Madrugada,MV Bill,441533,6/9/02,39,0.555,87.528
A Segunda Chance,509-E,287960,12/3/21,33,0.495,76.502
L��grimas do Palha̤o,Kamau,234520,6/21/12,43,0.464,85.986
Babylon By Gus,Black Alien,256760,9/8/04,52,0.772,96.014
O Mundo ̩ Nosso,Djonga,223892,3/17/17,58,0.861,88.052
Levanta e Anda,Emicida,150439,2013,57,0.488,87.33
Xeque-Mate,Rato Reverso,180705,11/22/21,33,0.706,84.89
Paranoia,Edi Rock,208421,10/23/20,34,0.747,76.162
Mantenha o Respeito,Planet Hemp,196200,3/22/95,57,0.589,108.035
Esquema Sigiloso,Mano Fler,294144,8/27/21,35,0.638,79.925
Jovens Soldados,Trilha Sonora do Gueto,306233,9/8/21,32,0.786,145.027
Triunfo (A Rua �� N�_iz),Emicida,209373,5/1/09,45,0.608,92.172
Ponta de Lan̤a (Verso Livre),Rincon Sapi̻ncia,214165,12/26/16,54,0.887,130.029
JUNHO DE 94,Djonga,329008,3/16/18,60,0.646,128.06
Bilhete 2.0,Rashid,223488,1/19/18,57,0.628,87.986
Se Escute,S�_ntese,165903,7/25/12,44,0.638,87.211
Te Amo Disgra̤a,Baco Exu do Blues,290400,9/4/17,65,0.774,100.044
Beira de Piscina (Remix),Don L,229889,10/10/13,53,0.491,77.099
Invicto,Filipe Ret,256997,9/4/15,59,0.746,97.984
Rap du Bom Parte II - M̼s. Incid.: Odara,Rappin' Hood,435141,1/1/05,45,0.881,95.014
O Soldado Que Fica,MV Bill,362293,7/5/19,33,0.614,84.041
O Trem,RZO,312032,10/7/14,42,0.631,76.765
Preta de Quebrada,Flora Matos,206947,3/31/17,52,0.816,154.237
Enxugando Gelo,BNeg̣o,191920,11/10/03,37,0.712,89.711
Raplord,Haikaiss,263078,3/24/17,54,0.734,147.629
Profisṣo Perigo,Rodrigo Ogi,168698,6/1/11,38,0.623,85.969
Homem Sem Face,Sombra,250920,4/22/14,39,0.813,84.492
S�_,Kamau,201280,8/4/08,43,0.698,93.024
Periferia / Sample: Fim De Semana No Parque,Helịo,267053,1/1/04,40,0.722,94.143
Rolo Compressor,Black Alien,191981,9/8/15,42,0.654,172.311
Castelos & Ru�_nas,BK,249490,3/21/16,52,0.799,117.031
"Pretin (Veṛo, Pt. 1)",Flora Matos,147466,4/1/14,53,0.871,140.016
Chama os Mulekes,ConeCrewDiretoria,353532,4/8/11,57,0.599,88.037
Eu S̫ Fun̤̣o,Dexter,387892,6/12/15,49,0.848,81.017
Respeito �� pra Quem Tem,Sabotage,329920,11/20/14,52,0.898,84.604
Dia�rio de um Detento,Racionais MC's,451000,10/7/97,64,0.903,87.005
Rapst̻ncia,MV Bill,223902,4/12/19,31,0.855,82.026
O Amor Venceu a Guerra,GOG,524460,3/1/04,0,0.735,148.499
Como Eu Te Quero,Black Alien,210306,9/8/04,55,0.894,96.114
Racioc�_nio Quebrado,Parteum,151301,1/1/04,34,0.734,95.292
Retrato de um Playboy (Juventude Perdida),Gabriel O Pensador,238573,5/4/93,41,0.877,107.39
Z̩ Brasileiro,Rappin' Hood,276400,1/1/05,40,0.796,83.488
Sr. Tempo Bom,Tha�_de & DJ Hum,282506,11/27/96,43,0.764,91.019
Mulher El̩trica,Mano Brown,213653,12/9/16,44,0.936,110.044
Se Tu Lutas Tu Conquistas,Somos N�_s A Justi̤a,383426,9/1/00,45,0.815,86.018
"Capi�tulo 4, Versi�culo 3",Racionais MC's,486560,10/7/97,63,0.625,87.841
E Se,Rashid,273320,3/31/10,35,0.375,83.004
Primeiro de Abril,Mc Marechal,249289,4/1/17,46,0.69,87.591
Us Mano e as Mina,Xis,279853,5/20/20,36,0.791,176.833
O 5� Vigia,Ndee Naldinho,376903,10/2/15,50,0.674,87.227
Naquela Sala,AO Cubo,361680,4/29/14,46,0.595,144.786
"Antes das 6:00, Pt. 2 - Bonus Track",DBS Gorḍo Chefe,241935,2/22/19,30,0.795,124.012
Till I Collapse,Eminem,297786,5/26/02,86,0.548,171.447
Ni**as In Paris,JAY-Z,219333,8/8/11,85,0.789,140.022
PIOVE (feat. Sfera Ebbasta),Lazza,155862,4/7/22,74,0.381,187.835
MALA,6ix9ine,206550,2018,78,0.72,100.008
"Tik Tok RMX (feat. Marracash, Gu̬, Paky & Geolier)",Sfera Ebbasta,310624,2/12/21,59,0.77,120.022
SICKO MODE,Travis Scott,312820,8/3/18,83,0.834,155.008
Stronger,Kanye West,311866,9/11/07,82,0.617,103.992
Can't Hold Us (feat. Ray Dalton),Macklemore & Ryan Lewis,258342,10/9/12,82,0.641,146.078
Praise The Lord (Da Shine) (feat. Skepta),A$AP Rocky,205040,5/25/18,82,0.854,80.015
Wow.,Post Malone,149546,9/6/19,81,0.829,99.96
Not Afraid,Eminem,248133,6/18/10,81,0.855,114.635
The Next Episode,Dr. Dre,161506,11/16/99,81,0.922,95.295
Going Bad (feat. Drake),Meek Mill,180522,11/30/18,80,0.889,86.003
POWER,Kanye West,292093,11/22/10,79,0.542,153.993
Boss Bitch,Doja Cat,134239,1/23/20,79,0.707,125.989
Numb / Encore,JAY-Z,205733,11/30/04,78,0.687,107.045
Money In The Grave (Drake ft. Rick Ross),Drake,205426,6/15/19,78,0.831,100.541
Shakerando,Rhove,195555,12/15/21,78,0.855,135.009
ZEZE (feat. Travis Scott & Offset),Kodak Black,228759,12/14/18,77,0.861,98.043
No Church In The Wild,JAY-Z,272506,8/8/11,77,0.654,92.78
"Lose Yourself - From ""8 Mile"" Soundtrack",Eminem,326466,12/6/05,77,0.692,171.374
Night Away (Dance) (feat. Tion Wayne),A1 x J1,175774,3/3/22,76,0.706,142.037
In Da Club,50 Cent,193466,2/6/03,76,0.902,90.059
BOP,DaBaby,159714,9/27/19,76,0.769,126.77
Black Skinhead,Kanye West,188013,6/18/13,76,0.766,130.127
Black and Yellow,Wiz Khalifa,217666,3/29/11,76,0.684,164.02
Pure Water (with Migos),Mustard,192470,6/28/19,75,0.682,202.015
Blueberry Faygo,Lil Mosey,162546,2/6/20,75,0.774,99.034
What's The Difference,Dr. Dre,244200,11/16/99,75,0.772,91.921
Spicy (feat. Post Malone),Ty Dolla $ign,143375,10/23/20,75,0.782,99.993
Remember the Name (feat. Styles of Beyond),Fort Minor,230493,11/21/05,74,0.688,84.858
Auto tedesca,Paky,159840,3/11/22,74,0.742,159.929
Taste (feat. Offset),Tyga,232959,5/16/18,74,0.884,97.994
TKN (feat. Travis Scott),ROSAL̍A,129370,5/28/20,72,0.776,94.634
Enemies (feat. DaBaby),Post Malone,196760,9/6/19,72,0.542,76.388
Poppin' Them Thangs,G-Unit,240800,1/1/03,71,0.769,88.017
HUMBLE. - SKRILLEX REMIX,Skrillex,156800,9/29/17,71,0.901,150.037
Party Up,DMX,268866,12/21/99,72,0.51,201.936
"That's My N**** (with Meek Mill, YG & Snoop Dogg)",Meek Mill,199746,12/15/17,71,0.723,104.991
Cancelo,Rhove,174545,3/17/22,70,0.829,142.952
Whoopty,CJ,123262,2/19/21,70,0.719,140.201
Break Ya Neck,Busta Rhymes,231240,11/7/01,69,0.82,83.011
FEDELE AL QUARTIERE (feat. Vale Pain),Neima Ezza,200213,7/1/22,69,0.657,97.996
Non Abbiamo Et��,Luch̬,181661,6/29/18,69,0.372,193.259
Clout (feat. Cardi B),Offset,205803,2/22/19,69,0.919,140.022
Hustlin',Rick Ross,254093,1/1/06,68,0.502,136.08
Where The Hood At,DMX,286266,1/1/03,71,0.537,186.151
The London (feat. J. Cole & Travis Scott),Young Thug,200186,8/16/19,68,0.784,97.991
Plaquette,Nabi,158836,8/26/22,67,0.82,109.986
Barking,Ramz,204826,5/17/19,67,0.534,102.999
La zone (feat. Shiva),Rhove,158769,7/16/21,67,0.868,130.01
ADVICE,ANNA,183038,6/16/22,66,0.87,130.052
Ali Bomaye,The Game,372706,1/1/12,65,0.381,78.239
Elastic,Joey Purp,126385,9/13/18,65,0.966,111.16
KIKA,6ix9ine,136031,2018,65,0.745,94.511
Amici,Massimo Pericolo,180950,4/12/19,65,0.618,140.355
Deep End Freestyle,Sleepy Hallow,115200,4/3/20,64,0.876,133.858
MARYLEAN (feat. Marracash) - prod. Low Kidd,MACHETE,144097,7/5/19,63,0.722,136.955
Love Sosa,Chief Keef,246213,1/1/12,81,0.772,131.965
XO Tour Llif3,Lil Uzi Vert,182706,8/25/17,82,0.732,155.096
Magnolia,Playboi Carti,181812,4/14/17,78,0.791,162.991
Ric Flair Drip (with Metro Boomin),Offset,172800,10/30/17,82,0.88,100.007
Trap Queen,Fetty Wap,222128,9/25/15,59,0.746,148.075
Hope,XXXTENTACION,110886,3/16/18,85,0.592,146.04
Mask Off,Future,204600,6/30/17,82,0.833,150.062
Drip Too Hard (Lil Baby & Gunna),Lil Baby,145542,10/5/18,85,0.897,112.511
Plug Walk,Rich The Kid,175229,3/30/18,71,0.876,94.981
JAPAN,Famous Dex,142000,4/6/18,71,0.733,175.985
2 Million Up,Peezy,159973,8/12/22,64,0.884,95.753
Stir Fry,Migos,190288,1/26/18,76,0.817,181.982
Spilled Milk,Bizzy Crook,140326,7/15/22,51,0.675,138.2
Drowning (feat. Kodak Black),A Boogie Wit da Hoodie,209269,9/29/17,79,0.839,129.014
Tell Em,Cochise,180379,5/28/21,81,0.672,157.905
MIDDLE CHILD,J. Cole,213593,1/23/19,81,0.837,123.984
1400 / 999 Freestyle,Trippie Redd,175954,11/9/18,77,0.825,141.991
family ties (with Kendrick Lamar),Baby Keem,252262,9/10/21,79,0.711,134.093
Rendezvous,Social Club Misfits,198591,9/9/22,47,0.75,127.935
MotorSport,Migos,303076,1/26/18,72,0.904,137.996
First Class,Jack Harlow,173947,4/8/22,88,0.905,106.998
ORANGE SODA,Baby Keem,129882,7/19/19,80,0.83,85.042
OUT THE GRAVE,Josh A,153704,9/16/22,60,0.683,178.98
This Could Be Us,Rae Sremmurd,206306,1/6/15,78,0.732,143.072
REEL IT IN,Amin̩,121346,8/15/18,77,0.754,128.981
Father Stretch My Hands Pt. 1,Kanye West,135920,6/10/16,83,0.724,113.088
Envy Me,Calboy,120133,5/31/19,70,0.74,149.042
Sky,Playboi Carti,193234,12/25/20,83,0.785,139.98
Wake Up in the Sky,Gucci Mane,203161,12/7/18,71,0.8,143.01
Space Cadet (feat. Gunna),Metro Boomin,203266,11/6/18,82,0.901,109.004
Took Her To The O,King Von,196179,3/6/20,79,0.82,159.98
What You Know Bout Love,Pop Smoke,160000,7/3/20,81,0.709,83.995
THE SCOTTS,THE SCOTTS,165977,4/24/20,77,0.716,129.979
Robbery,Juice WRLD,240050,3/8/19,82,0.623,79.899
Hot N*gga,Bobby Shmurda,194561,7/25/14,73,0.794,167.879
Taking A Walk,Trippie Redd,121680,8/10/18,78,0.767,81.031
Plain Jane,A$AP Ferg,173600,8/18/17,74,0.797,170.142
Shotta Flow (feat. Blueface) [Remix],NLE Choppa,176631,12/23/19,72,0.894,120.077
Ransom,Lil Tecca,131240,8/30/19,79,0.745,179.974
Racks in the Middle (feat. Roddy Ricch and Hit-Boy),Nipsey Hussle,233277,2/15/19,64,0.671,79.351
Moonwalking in Calabasas (feat. Blueface) - Remix,DDG,170232,6/15/21,71,0.925,129.957
Back In Blood (feat. Lil Durk),Pooh Shiesty,184489,2/5/21,71,0.759,146.933
Champion (feat. Travis Scott),NAV,195053,5/18/18,70,0.642,162.005
Pop Out (feat. Lil Tjay),Polo G,166560,6/7/19,78,0.772,168.112
Save That Shit,Lil Peep,231546,8/15/17,78,0.534,106
Nuketown (feat. Juice WRLD),Ski Mask The Slump God,166400,11/30/18,75,0.808,149.962
FEFE,6ix9ine,179404,2018,72,0.931,125.978
Super Gremlin,Kodak Black,200547,2/25/22,73,0.825,72.993
Lucid Dreams,Juice WRLD,239835,12/10/18,85,0.511,83.903
PTSD,G Herbo,232064,2/28/20,74,0.883,119.01
Snake,Lil Keed,183306,6/14/19,67,0.943,109.908
STEP BACK (FEAT. MIKE DIMES),Dro Kenji,176692,8/5/22,65,0.845,125.008
One Night,Lil Yachty,243269,7/5/16,67,0.764,129.974
4:00 AM,2 Chainz,255560,6/16/17,66,0.796,75.012
Swervin (feat. 6ix9ine),A Boogie Wit da Hoodie,189486,12/21/18,75,0.581,93.023
Look Alive (feat. Drake),BlocBoy JB,181263,2/9/18,75,0.922,140.022
iSpy (feat. Lil Yachty),KYLE,252240,5/18/18,66,0.723,149.949
Relationship (feat. Future),Young Thug,215306,6/16/17,70,0.842,145.992
Walk Em Down (feat. Roddy Ricch),NLE Choppa,173288,8/10/20,72,0.867,84.005
2055,Sleepy Hallow,123986,6/2/21,81,0.829,80.511
Bandit (with YoungBoy Never Broke Again),Juice WRLD,189322,10/4/19,75,0.474,180.051
WAIT FOR U (feat. Drake & Tems),Future,189893,4/29/22,89,0.463,83.389
Lean Wit Me,Juice WRLD,175755,12/10/18,80,0.665,163.935
Thotiana,Blueface,129264,12/18/18,66,0.906,104.025
Too Many Years,Kodak Black,196336,6/10/16,68,0.664,147.067
Check,Young Thug,230693,4/16/15,64,0.667,110.953
Audi.,Smokepurpp,159521,9/29/17,63,0.793,122.991
I Love It (& Lil Pump),Kanye West,127946,9/7/18,73,0.901,104.053
Murder On My Mind,YNW Melly,268434,8/3/18,79,0.759,115.007
BUTTERFLY EFFECT,Travis Scott,190557,8/3/18,78,0.763,140.958
Tunnel Vision,Kodak Black,268186,3/31/17,73,0.497,171.853
The Race,Tay-K,140000,12/14/17,72,0.766,160.223
Swang,Rae Sremmurd,208120,8/12/16,77,0.681,139.992
Bounce Out With That,YBN Nahmir,99108,9/7/18,66,0.864,94.932
Leave Me Alone,Flipp Dinero,195637,11/22/19,71,0.792,150.024
GUMMO,6ix9ine,157643,4/10/18,63,0.66,157.036
Shoota (feat. Lil Uzi Vert),Playboi Carti,153800,5/11/18,80,0.673,153.075
Noticed,Lil Mosey,165000,10/19/18,75,0.699,79.992
No Limit,G-Eazy,245386,12/15/17,71,0.838,175.957
"F**kin' Problems (feat. Drake, 2 Chainz & Kendrick Lamar)",A$AP Rocky,233786,2013,76,0.853,95.967
Black Beatles,Rae Sremmurd,291893,8/12/16,76,0.794,145.926
No Heart,21 Savage,235040,7/15/16,74,0.906,140.063
"Lemonade (feat. Gunna, Don Toliver & NAV)",Internet Money,195428,8/28/20,78,0.8,140.042
witchblades,Lil Peep,149360,7/2/21,74,0.642,143.941
Lust,Lil Skies,156000,12/12/17,74,0.718,160.084
Antidote,Travis Scott,262693,9/4/15,74,0.713,131.05
Walk It Talk It,Migos,276147,1/26/18,75,0.907,145.914
rockstar (feat. 21 Savage),Post Malone,218146,4/27/18,85,0.585,159.801
Faneto,Chief Keef,206654,6/16/15,71,0.849,144.188
For The Night (feat. Lil Baby & DaBaby),Pop Smoke,190476,7/3/20,81,0.823,125.971
SAD!,XXXTENTACION,166605,3/16/18,83,0.74,75.023
beibs in the trap,Travis Scott,213863,9/16/16,69,0.743,119.054
Stuck In A Dream (feat. Gunna),Lil Mosey,123560,11/8/19,71,0.748,139.952
Hurricane,Kanye West,243187,8/29/21,76,0.587,80.009
Camelot,NLE Choppa,148759,8/10/20,70,0.787,175.046
I Don't Fuck With You,Big Sean,284386,2/24/15,75,0.824,97.972
223's (feat. 9lokknine),YNW Melly,176640,11/22/19,66,0.932,94.998
Martin & Gina,Polo G,132832,5/15/20,82,0.832,93.924
Benz Truck (___�_�_�_�),Lil Peep,159986,8/15/17,71,0.602,92.02
Portland,Drake,236614,3/18/17,72,0.925,136.078
$ave Dat Money (feat. Fetty Wap & Rich Homie Quan),Lil Dicky,290835,7/31/15,64,0.858,98.013
Miss The Rage (feat. Playboi Carti),Trippie Redd,236883,5/7/21,76,0.584,77.005
Do What I Want,Lil Uzi Vert,175203,8/10/16,66,0.681,139.952
Bank Account,21 Savage,220306,7/6/17,79,0.884,75.016
Too Young,Post Malone,237146,12/9/16,65,0.602,123.05
Bad and Boujee (feat. Lil Uzi Vert),Migos,343150,1/27/17,74,0.926,127.079
Love Scars,Trippie Redd,143969,5/14/17,72,0.659,119.405
BAD!,XXXTENTACION,94245,12/7/18,72,0.78,143.983
Lucky You (feat. Joyner Lucas),Eminem,244679,8/31/18,75,0.876,153.068
Better Now,Post Malone,231266,4/27/18,82,0.68,145.038
New Freezer (feat. Kendrick Lamar),Rich The Kid,191937,3/30/18,63,0.884,140.068
Panda,Desiigner,246761,6/26/16,70,0.576,144.833
"Work REMIX (feat. A$AP Rocky, French Montana, Trinidad James & ScHoolboy Q)",A$AP Ferg,283693,8/19/13,69,0.841,130.009
"Whats Poppin (feat. DaBaby, Tory Lanez & Lil Wayne) [Remix] - Bonus Track",Jack Harlow,227478,12/11/20,69,0.904,145.013
Hate Bein' Sober,Chief Keef,280173,1/1/12,73,0.82,132.003
MONTERO (Call Me By Your Name),Lil Nas X,137704,9/17/21,82,0.593,178.781
Narcos,Migos,255378,1/26/18,71,0.936,124.991
I Don't Like,Chief Keef,293840,1/1/12,73,0.742,131.986
Fuck Love (feat. Trippie Redd),XXXTENTACION,146520,8/25/17,83,0.797,131.036
Look At Me!,XXXTENTACION,126345,2/20/17,82,0.763,139.059
Shotta Flow,NLE Choppa,160013,12/23/19,61,0.888,120.083
Mo Bamba,Sheck Wes,183906,10/5/18,79,0.729,146.034
Money Longer,Lil Uzi Vert,198944,5/27/16,75,0.795,136.173
Roll in Peace (feat. XXXTENTACION),Kodak Black,213132,8/18/17,74,0.747,140.053
PICK IT UP (feat. A$AP Rocky),Famous Dex,191251,4/6/18,67,0.921,135.995
Skateboard P (feat. Big Sean),MadeinTYO,242306,2/15/17,58,0.831,75.474
X (feat. Future),21 Savage,258880,7/15/16,72,0.835,149.004
Chill Bill (feat. J. Davi$ & Spooks),Rob $tone,177184,6/17/16,77,0.886,108.034
Water,Ugly God,138936,8/4/17,56,0.816,140.04
No Flex Zone,Rae Sremmurd,231066,1/6/15,59,0.925,120.064
Ballin' (with Roddy Ricch),Mustard,180434,6/28/19,80,0.809,97.008
Walk,Comethazine,96063,8/24/18,67,0.828,160.099
Slippery (feat. Gucci Mane),Migos,304041,1/27/17,70,0.92,141.967
Yes Indeed,Lil Baby,142273,5/18/18,82,0.963,119.957
HUMBLE.,Kendrick Lamar,177000,4/14/17,83,0.908,150.011
pick up the phone,Young Thug,252262,6/3/16,69,0.706,136.904
Mercury: Retrograde,Ghostemane,124538,9/5/17,47,0.831,156.985
God's Plan,Drake,198973,6/29/18,84,0.754,77.169
DNA.,Kendrick Lamar,185946,4/14/17,80,0.638,139.913
No Type,Rae Sremmurd,200080,1/6/15,73,0.891,125.01
"King's Dead (with Kendrick Lamar, Future & James Blake)",Jay Rock,229670,1/12/18,71,0.645,137.133
Goodbyes (feat. Young Thug),Post Malone,174853,9/6/19,81,0.548,150.068
Red Roses (feat. Landon Cube),Lil Skies,262544,12/12/17,70,0.691,140.002
I Want (feat. 2 Chainz),MadeinTYO,233293,8/19/16,54,0.867,120.969
Moonlight,XXXTENTACION,135090,3/16/18,82,0.921,128.009
Tiimmy Turner,Desiigner,239853,7/22/16,69,0.603,122.803
Digits,Young Thug,176386,3/25/16,67,0.769,131.932
Congratulations,Post Malone,220293,12/9/16,82,0.63,123.146
Uber Everywhere,MadeinTYO,153428,2/26/16,59,0.779,140.181
Catch Me Outside,Ski Mask The Slump God,145760,2/2/18,67,0.943,112.001
No Role Modelz,J. Cole,292799,12/9/14,88,0.69,100.028
Suge,DaBaby,163320,3/1/19,72,0.876,75.445
a lot,21 Savage,288624,12/21/18,81,0.837,145.972
R.I.C.O. (feat. Drake),Meek Mill,197133,6/29/15,71,0.727,167.909
Sauce It Up,Lil Uzi Vert,207038,8/25/17,67,0.813,79.532
What They Want,Russ,165853,5/5/17,73,0.71,139.553
Betrayed,Lil Xan,187173,4/6/18,70,0.821,120.012
Wanted You (feat. Lil Uzi Vert),NAV,228386,5/18/18,66,0.797,146.93
Caroline,Amin̩,209640,7/28/17,74,0.94,120.04
Rubbin off the Paint,YBN Nahmir,159915,9/7/18,68,0.734,161.997
Ultimate,Denzel Curry,189974,1/1/15,66,0.493,112.865
OOOUUU,Young M.A,234649,4/27/17,66,0.635,166.072
Hard in Da Paint,Waka Flocka Flame,246386,10/1/10,63,0.611,71.544
The Way Life Goes (feat. Oh Wonder),Lil Uzi Vert,221746,8/25/17,81,0.703,82.008
Bodak Yellow,Cardi B,223712,4/6/18,73,0.926,125.022
Both (feat. Drake),Gucci Mane,190311,12/16/16,69,0.85,139.976
Paris,$uicideboy$,111020,11/20/15,77,0.849,106.058
Started From the Bottom,Drake,174120,1/1/13,66,0.794,86.307
Godzilla (feat. Juice WRLD),Eminem,210800,1/17/20,84,0.808,165.995
Falling Down - Bonus Track,Lil Peep,196400,11/9/18,81,0.669,120.013
Nonstop,Drake,238614,6/29/18,78,0.912,154.983
Old Town Road - Remix,Lil Nas X,157066,6/21/19,79,0.878,136.041
Bounce Back,Big Sean,222360,2/3/17,70,0.78,81.502
Transportin',Kodak Black,169344,8/18/17,73,0.804,94.053
X (with 2 Chainz & Saudi),ScHoolboy Q,267426,2/9/18,66,0.768,131.023
Day 'N' Nite (Nightmare),Kid Cudi,221240,1/1/09,73,0.88,138.018
Black Widow,Iggy Azalea,209423,1/1/14,67,0.743,163.99
Hotline Bling,Drake,267066,5/6/16,78,0.891,134.966
Wild Thoughts (feat. Rihanna & Bryson Tiller),DJ Khaled,204173,6/22/17,73,0.671,97.979
Champions,Kanye West,334253,6/10/16,67,0.692,134.952
Watch Me (Whip / Nae Nae),Silent�_,185142,5/4/15,66,0.821,140.01
Bitch Better Have My Money,Rihanna,219305,3/26/15,73,0.781,102.99
White Iverson,Post Malone,256533,12/9/16,78,0.675,130.098
Gassed Up,Nebu Kiniza,193911,8/26/16,71,0.798,148.88
All The Way Up (feat. Infared),Fat Joe,191900,2/17/17,63,0.414,175.158
2 Phones,Kevin Gates,240000,1/29/16,69,0.895,121.918
CoCo,O.T. Genasis,239573,11/10/14,61,0.886,119.906
Psycho (feat. Ty Dolla $ign),Post Malone,221440,4/27/18,79,0.75,140.06
Gas Pedal,Sage The Gemini,208160,3/25/14,68,0.843,97.49
My Nigga,YG,235632,3/18/14,67,0.678,171.12
Best Friend,Young Thug,213000,11/20/15,61,0.959,127.029
I Get the Bag (feat. Migos),Gucci Mane,233087,10/13/17,70,0.89,139.948
VIBEZ,DaBaby,144935,9/27/19,71,0.768,154.187
F*ck Up Some Commas,Future,237400,7/17/15,66,0.874,139.995
Throw Sum Mo,Rae Sremmurd,260453,1/6/15,65,0.859,142.062
Jumpman,Drake,205879,9/20/15,72,0.852,142.079
All Girls Are The Same,Juice WRLD,165819,12/10/18,83,0.671,161.989
This Is America,Childish Gambino,225773,5/6/18,70,0.854,120.024
Panini,Lil Nas X,114893,9/13/19,71,0.703,153.848
I'm Upset,Drake,214466,6/29/18,69,0.899,150.002
RAPSTAR,Polo G,165925,6/11/21,82,0.789,81.039
Come Get Her,Rae Sremmurd,212946,1/6/15,76,0.689,185.023
Laugh Now Cry Later (feat. Lil Durk),Drake,261492,8/14/20,80,0.761,133.976
wokeuplikethis*,Playboi Carti,235535,4/14/17,75,0.785,78.477
20 Min,Lil Uzi Vert,220586,11/17/17,84,0.773,123.426
OUT WEST (feat. Young Thug),JACKBOYS,157712,12/27/19,77,0.802,139.864
F.N,Lil Tjay,224000,10/11/19,78,0.567,120.1
Look Back at It,A Boogie Wit da Hoodie,179449,12/21/18,74,0.791,96.057
My Way (feat. Monty),Fetty Wap,213053,9/25/15,66,0.748,128.077
POPSTAR (feat. Drake),DJ Khaled,200221,4/30/21,69,0.803,163.085
Wishing Well,Juice WRLD,194621,7/10/20,81,0.65,149.972
No Idea,Don Toliver,154424,3/13/20,80,0.652,127.998
Broccoli (feat. Lil Yachty),DRAM,225205,10/21/16,62,0.886,145.99
T-Shirt,Migos,242407,1/27/17,67,0.865,139.023
VALENTINO,24kGoldn,179133,11/22/19,73,0.746,150.964
Mood Swings (feat. Lil Tjay),Pop Smoke,213333,7/3/20,79,0.48,179.798
Armed And Dangerous,Juice WRLD,169999,12/10/18,78,0.736,130.032
Nowadays (feat. Landon Cube),Lil Skies,203907,12/12/17,68,0.745,79.993
Faucet Failure,Ski Mask The Slump God,145626,11/30/18,76,0.935,99.993
High Fashion (feat. Mustard),Roddy Ricch,220486,12/6/19,73,0.831,97.956
We Dem Boyz,Wiz Khalifa,224933,8/19/14,65,0.717,130.021
Go Crazy,Chris Brown,176960,5/8/20,78,0.755,94.148
Outside Today,YoungBoy Never Broke Again,129105,4/27/18,61,0.851,134.068
Star Shopping,Lil Peep,142000,2015,84,0.585,93.099
Dark Knight Dummo,Trippie Redd,256162,8/10/18,72,0.28,181.444
EARFQUAKE,"Tyler, The Creator",190066,5/17/19,81,0.554,79.635
Fine China,Future,141586,10/19/18,73,0.656,166.111
Erase Your Social,Lil Uzi Vert,199993,8/10/16,74,0.705,140.058
Suicidal,YNW Melly,222997,11/22/19,75,0.735,140.004
Taste (feat. Offset),Tyga,229210,6/7/19,72,0.866,98.001
Fake Love,Drake,210937,3/18/17,75,0.928,134.007
Mixed Personalities (feat. Kanye West),YNW Melly,230400,1/18/19,71,0.661,149.937
Love Me,Lil Wayne,255053,1/1/13,78,0.669,124.906
Calling My Phone,Lil Tjay,205458,4/2/21,81,0.907,104.949
GREECE (feat. Drake),DJ Khaled,219270,4/30/21,69,0.687,85.828
No Hands (feat. Roscoe Dash & Wale),Waka Flocka Flame,263773,10/1/10,77,0.76,131.497
After Party,Don Toliver,167915,3/13/20,80,0.629,162.948
Homicide (feat. Eminem),Logic,245386,5/10/19,75,0.694,140.055
Baby (Lil Baby feat. DaBaby),Quality Control,142417,8/16/19,76,0.97,108.003
Energy,Drake,181933,2/12/15,72,0.747,172.104
Lonely,Speaker Knockerz,186613,9/2/14,64,0.802,150.002
Power,Young Thug,187324,2/2/16,55,0.875,138.962
Hello (feat. A Boogie Wit da Hoodie),Pop Smoke,190534,7/20/20,78,0.905,130.97
10 Freaky Girls (with 21 Savage),Metro Boomin,208293,11/6/18,77,0.81,88.031
Wet Dreamz,J. Cole,239266,12/9/14,84,0.495,175.627
Obsessed With You,Central Cee,108650,9/10/21,73,0.746,143.062
Nice For What,Drake,210746,6/29/18,78,0.585,93.372
Candy Paint,Post Malone,227533,4/27/18,76,0.664,180.064
Rolex,Ayo & Teo,238586,3/15/17,70,0.804,144.946
All Mine,Kanye West,145506,6/1/18,75,0.925,121.927
Toosie Slide,Drake,247058,4/3/20,74,0.834,81.618
Bartier Cardi (feat. 21 Savage),Cardi B,224284,4/6/18,66,0.908,138.015
Lalala,Y2K,160626,6/28/19,75,0.843,129.972
Trafficante,N̩za,127384,9/22/22,50,0.729,129.985
Copacabana,Kassimi,116571,9/13/22,56,0.632,139.962
Giro La Nuit,Yunes LaGrintaa,169865,9/16/22,52,0.822,114.033
"Strade Unite (feat. Helmi sa7bi, emanuelino)",Uzi Lvke,210570,9/30/22,0,0.665,139.878
Cartier #1,Medy,157714,9/9/22,60,0.745,104.869
Tot�_ Riina,8blevrai,142602,8/26/22,54,0.739,119.986
Walkie Talkie,Delaru��,140571,9/22/22,47,0.635,139.936
YO,Mikush,145200,9/29/22,0,0.612,148.028
Best Life,N̩za,139349,6/21/22,52,0.826,130.066
PLAYA,Zefe,154926,7/22/22,61,0.786,130.015
Giri,Nabi,144638,6/23/22,55,0.692,100.089
SOCIAL,LUCHITOS,128925,9/30/22,0,0.776,121.044
RS6,SPOOKYPBL,132660,8/26/22,54,0.746,109.113
MUJER,Icy Subzero,161739,7/22/22,74,0.651,92.003
Sono tristi anche le star,Rayan,170597,9/30/22,0,0.7,161.918
Wroom Wroom,Kassimi,148190,7/19/22,57,0.741,138.013
Robe Da Maranza,8blevrai,153273,8/26/22,45,0.723,104.708
Dejavu,167 Gang,167829,9/7/22,52,0.8,103.984
BLCK MAMBA,Nerissima Serpe,165176,9/29/22,0,0.694,85.113
Vita,Iltunsi,171672,7/15/22,49,0.733,135.953
"La Famiglia (feat. 8blevrai, Kassimi, Yunes LaGrintaa, Sisco, N̩za & Nabi)",Rhove,309650,7/21/22,62,0.829,142.908
4MEGA SHOO,Diss Gacha,122482,6/15/22,51,0.749,144.915
Speranza e Fame,emanuelino,168979,7/15/22,49,0.699,140.012
Dream Team,ODT,164571,9/28/22,5,0.776,104.939
QUATTERI #2,Skinny,98707,8/5/22,54,0.579,68.909
Freestyle,SPOOKYPBL,88235,7/15/22,49,0.848,98.057
ItalGarage,Kuremino,144000,7/20/22,49,0.82,169.92
Mexico,N̩za,136068,2/15/22,48,0.857,129.938
OMC 2,BIG P,146672,9/29/22,0,0.789,98.964
Possessivo,Medy,155087,6/21/22,55,0.71,95.006
Minor̬,Kassimi,146275,5/19/22,52,0.67,98.041
TUTTO PERFETTO,Yung Pips,184615,7/29/22,38,0.681,129.948
A TE,Il Ghost,124195,7/1/22,51,0.616,143.024
Estorsione,MBOSS,216056,9/9/22,40,0.796,97.983
ARABO II,ZiYou,119172,9/9/22,36,0.725,144.929
Lycamobile,Don Pero,144000,9/1/22,44,0.401,180.106
ESTATE ZANZA,LA PLATA,173883,9/28/22,1,0.814,98.01
TMax Nero,Baby Rich,156364,9/15/22,39,0.627,136.818
10 MILA,Piccolo Plug,124511,8/15/22,44,0.833,134.96
Maledette vie,Young Rame,179914,9/15/22,43,0.689,142.945
GRA,Depha Beat,171333,9/30/22,0,0.675,89.687
La Night,4m,140666,7/29/22,37,0.706,133.989
NO CONFIDENCE,Rione,179280,9/23/22,35,0.561,156.06
QUANTO CASINO,Venz,166516,9/30/22,0,0.684,94.995
"BANDOLERO (feat. Kerim Levrai, Madprince, Marsiglia, Orfedi)",GROUP5,137142,8/5/22,41,0.75,132.964
Fogli strappati,Naver,122152,9/23/22,26,0.708,130.135
MISS YOU,ZE7E,190000,9/16/22,39,0.515,95.739
Delinquendo,Disme,139342,9/2/22,49,0.901,104.744
CRACK COCA,LXX Blood,86715,9/21/22,28,0.838,137.235
pieces.,Iman Nunez,175597,9/28/22,0,0.667,93.237
Broken Record,Michael Jacques Parker,185693,9/25/22,18,0.641,136.944
Frenes�_,Brochas On Da Beat!,107816,9/8/22,18,0.747,90.996
Don't Fuck Wit tha Kid,Deezy Baby 971,221954,8/26/22,26,0.855,133.013
Muddy Waters,Pnda Blak,292913,9/22/22,32,0.54,121.04
All I'm Sayin',Michael Jacques Parker,163333,9/25/22,8,0.688,144.094
Gatman,Zoe Forte,151902,9/21/22,34,0.651,77.527
Weste,Trap Zombie,180000,9/21/22,20,0.925,120.04
LVL UP,L.U.K.O.,128450,7/14/22,43,0.69,141.421
Krik City by Night,CILUS THE KID,145600,9/16/22,36,0.705,150.058
Kopflos,Krabat 808,184080,7/1/22,39,0.816,136.996
Six Like U,CILUS THE KID,159272,9/16/22,36,0.598,109.992
Lea,Akimo Beat,99567,9/1/22,34,0.616,170.093
To Drunk to dance,Cantbebrokeforever,373500,6/29/22,26,0.831,130.011
Sinners,OG Gazo,141000,7/2/21,33,0.863,139.95
Walk with Me,DannyDXP,232727,9/1/22,37,0.569,83.433
Check Me Out,LiL Kaa,155820,4/17/20,35,0.901,140.974
Drip,o24,168000,9/7/22,24,0.819,99.978
The Return,Gaknew Roxwel,223936,8/3/22,40,0.625,88.028
Plot Twist,Zoe Forte,172251,8/3/22,42,0.631,141.253
Show Ya,Prince Melodic,208124,3/30/22,38,0.728,112.005
700,Galaxy Meka,125530,8/24/22,32,0.622,76.5
Painhouse / Penthouse,Labreeze,244072,4/9/22,39,0.654,155.059
"Talk To Me Nice (Feat. Meek Mill, Moneybagg Yo & Blxst)",The Game,225350,8/12/22,65,0.895,136.982
Slide (Ft. 21 Savage / Remix),Madmarcc,155135,8/3/22,61,0.762,161.016
POPSTAR (feat. Drake),DJ Khaled,200221,7/17/20,75,0.8,163.071
PICK UP (feat. Quavo),DaBaby,118546,4/17/20,60,0.915,129.93
Flex (feat. Juice WRLD),Polo G,163902,5/15/20,74,0.752,164.009
I Get The Bag (feat. Migos),Gucci Mane,233087,8/17/17,0,0.89,139.948
Dreams and Nightmares,Meek Mill,230693,10/26/12,73,0.631,79.745
Work Out,J. Cole,235320,9/27/11,80,0.831,93.004
Beast Mode (feat. PnB Rock & YoungBoy Never Broke Again),A Boogie Wit da Hoodie,258158,9/29/17,62,0.611,172.076
Astronaut In The Ocean,Masked Wolf,132780,4/30/21,0,0.778,149.996
Got It On Me,Pop Smoke,164579,7/3/20,78,0.688,88.834
"Talk About Me (feat. Kid Cudi, Denzel Curry & JID)",Dot Da Genius,185454,6/24/22,64,0.789,88.01
ESCAPE PLAN,Travis Scott,149610,11/5/21,72,0.839,154.12
MISS ME?,Kordhell,133548,9/23/22,62,0.682,124.076
Push It,Kevin Gates,180883,9/27/19,59,0.821,140.012
No Sucker (feat. Moneybagg Yo),Lil Baby,188606,2/28/20,63,0.9,129.966
The Box,MEDIKAL,203524,2/25/20,45,0.784,125.122
IMMACULATE - Sad Remix,VISXGE,105683,9/16/22,44,0.751,118.033
Your Bed,T Royal,141745,8/23/22,50,0.821,124.996
One Of My,Future,142978,5/15/20,52,0.95,114.009
I Don't Fuck With You,Big Sean,284386,2/24/15,55,0.823,97.972
Bodak Yellow,Cardi B,223962,6/16/17,59,0.929,125.022
Panini - DaBaby Remix,Lil Nas X,151040,9/13/19,65,0.717,153.905
IMPOSTER SYNDROME,MoonDeity,120000,9/30/22,0,0.552,105.01
IT HAPPENED!,YNG Martyr,108413,9/1/22,49,0.809,72.503
MotorSport,Migos,307660,10/27/17,2,0.901,138.003
ONLY GOD FORGIVES,Anonymuz,161607,6/21/22,43,0.691,140.016
medusa!,MUPP,101500,9/23/22,50,0.755,125.037
Alright,Kendrick Lamar,219333,3/16/15,80,0.796,110.034
Michael J Scott,Ghostluvme,128167,8/30/22,48,0.725,82.449
MUGETSU,Eternal Raijin,115200,9/16/22,47,0.611,149.994
RIGHT BACK!,Sinizter,124800,9/30/22,0,0.822,125.104
Slime Sauce,D. Weathers,164133,6/1/22,44,0.686,88.521
Invincible,Pop Smoke,127546,2/7/20,79,0.548,142.791
Death Lotto,ovg!,133896,7/11/22,68,0.799,121.998
Whoopty,CJ,123262,8/20/20,74,0.719,140.201
Watch,E the profit,111428,8/19/22,45,0.87,139.895
Over The Top (feat. Drake),Smiley,153406,7/23/21,70,0.833,139.928
Dealing,Soldier Kidd,164126,8/10/22,51,0.865,93.989
Stormy,Bigticket1k,146886,9/9/22,38,0.637,169.91
EAT MY DICK!!!!!!!!,Lil Toe,98250,8/26/22,46,0.838,159.982
af1,lilbubblegum,141007,2/7/20,69,0.578,139.993
Afford Me,E the profit,145176,9/23/22,40,0.594,171.944
Penthouse Shordy,Dom Corleo,126615,8/19/22,44,0.684,131.866
Free Yola,Anti Da Menace,163998,9/21/22,34,0.839,154.869
Owls,Ghostluvme,140399,8/30/22,47,0.696,170.137
Way Out (feat. Big Sean),Jack Harlow,168906,12/11/20,69,0.945,108.025
Lifestyle,Platnume,155675,8/4/22,31,0.78,148.086
No Friends In The Industry,Drake,204346,9/3/21,74,0.84,83.737
Wit a Bottle Remix,YUNG XAVI,210233,4/14/22,38,0.731,160.075
Baby Shark,RALAN STYLES,156059,8/20/22,69,0.843,160.005
MISA MISA!,CORPSE,85894,8/26/22,80,0.672,95.014
Stole My Chicken,Slim Guerilla,167150,8/12/22,36,0.666,162.091
Differences,Rowdy Rebel,205973,11/25/21,36,0.782,133.944
PERIL!,Ethan Ross,116612,9/9/22,42,0.441,92.502
Honestly,870glizzy,114867,8/22/22,46,0.547,139.91
Glitch In The Matrix,Flight,118260,9/8/22,44,0.852,137.97
Hot (Remix) [feat. Gunna and Travis Scott],Young Thug,279906,12/20/19,70,0.845,111.983
Murder Bitch,Anti Da Menace,293877,6/3/22,54,0.825,163.916
Moving Tact,Prophet the Artist,139967,8/26/22,48,0.652,96.725
MASERATI,Sinizter,119437,8/5/22,40,0.868,105.006
One Time,PCA Beezy,122096,1/31/22,36,0.791,129.973
Shoot My Shot,IDK,172105,4/16/21,57,0.756,92.036
Mood,Famous Kid Brick,140800,7/22/22,36,0.83,150.003
Like A Meal,Flight,146580,9/8/22,44,0.627,95.045
Zetsu,Tino Szn,145493,7/22/22,39,0.691,134.022
Trophies,Young Money,188320,1/1/14,75,0.746,143.931
Still Undefeated,Darius King,123924,9/2/22,31,0.727,124.127
Superstar (feat. Justin Clancy),Chris Webby,210709,7/27/22,52,0.358,75.849
Flex On My Ex (with Bankrol Hayden),KillBunk,166804,7/25/22,52,0.619,85.285
Dragon talez,Baby Gooo,126171,8/11/22,28,0.816,98.994
RAPSTAR,Polo G,165925,4/9/21,35,0.789,81.039
Certified,Quala,177648,7/1/22,37,0.847,131.038
Twist It,Tylan,172933,7/1/22,39,0.676,130.169
Fuck Shit (with Jasiah) - Remix,870glizzy,122186,5/27/22,56,0.703,165.112
Runnin,21 Savage,195906,10/2/20,79,0.819,143.01
I Hide,Haven,145022,5/3/22,30,0.723,124.987
Splash (feat. Moneybagg Yo),Tyga,173161,6/11/21,63,0.794,135.984
30 Thousand,TrappedOut Kimbo,160941,4/8/22,32,0.703,169.932
Need It Now,T Rose,115121,5/17/22,34,0.826,145.995
Wolves (feat. Post Malone),Big Sean,199758,9/4/20,77,0.724,160.048
Within Me,Will Roush,148333,6/3/20,31,0.647,144.086
44 BullDog,Pop Smoke,150857,7/3/20,64,0.8,139.989
0 To 100 / The Catch Up,Drake,275226,7/14/13,71,0.559,176.618
ALL GAS NO BRAKES,Sinizter,140990,6/17/22,51,0.798,95.028
All for me,Avi,129332,6/17/22,37,0.543,179.663
Leeches,Crazy Town,212623,7/1/22,46,0.406,159.974
"I DID IT (feat. Post Malone, Megan Thee Stallion, Lil Baby & DaBaby)",DJ Khaled,165366,4/30/21,70,0.757,124.036
Butterfly Doors,Avi,154666,2/25/22,38,0.699,89.97
RIP,Rell Money,147938,7/15/22,40,0.565,83.259
"His & Hers (feat. Don Toliver, Lil Uzi Vert & Gunna)",Internet Money,224042,5/13/21,74,0.792,134.997
Better Love (feat. King Mel & 200k),Rell Money,155927,7/15/22,40,0.762,93.996
See You Space Cowboy...,Logic,240228,7/30/21,53,0.507,93.994
Tyler Herro,Jack Harlow,156497,10/22/20,71,0.794,123.066
No Halo,Cartoon,144992,5/27/22,59,0.604,173.982
POP,Lil Uzi Vert,227474,3/6/20,59,0.741,139.891
Do It,DJ Paul,223474,6/17/22,35,0.763,151.986
AP - Music from the film Boogie,Pop Smoke,171891,2/26/21,69,0.751,148.014
Masterpiece,DaBaby,181714,1/15/21,72,0.781,139.988
Blueberry Faygo,Lil Mosey,162546,2/7/20,74,0.774,99.034
Bad Boy (with Young Thug),Juice WRLD,157355,1/15/21,72,0.697,81.535
GANG GANG (with Lil Wayne),Polo G,178775,5/21/21,63,0.752,145.05
durag activity (with Travis Scott),Baby Keem,225020,4/30/21,65,0.89,80.462
Headshot (feat. Polo G & Fivio Foreign),Lil Tjay,144349,3/19/21,0,0.809,117.982
Modern Day,Migos,241790,6/11/21,59,0.87,134.944
Japan,Hensonn,134844,3/25/22,54,0.773,114.991
Sneakin�۪,Drake,251333,10/24/16,65,0.806,85.011
Want Her,Mustard,275560,9/30/16,67,0.828,101.012
WIN,Jay Rock,215226,6/15/18,64,0.879,125.994
Pain,Pusha T,250506,1/1/12,39,0.607,92.283
No Mercy (Intro),Young M.A,131289,9/27/19,44,0.666,180.105
Like That,Conor Ross,183706,9/4/20,38,0.81,128.024
Faneto,Chief Keef,206654,6/16/15,27,0.849,144.188
Florida Girl,Lil $o$o,110769,5/16/22,31,0.773,156.042
Lord Pretty Flacko Jodye 2 (LPFJ2),A$AP Rocky,126960,5/26/15,70,0.485,207.982
Element,Pop Smoke,135746,2/7/20,80,0.772,61.311
RICKY,Denzel Curry,147866,5/31/19,64,0.776,169.03
Graduation,Pretty Shy,192700,8/12/22,25,0.933,137.056
Move Ya Hips (feat. Nicki Minaj & MadeinTYO),A$AP Ferg,146009,7/30/20,53,0.809,143.988
This Is America,Florence Nevada,161495,2/19/21,51,0.919,119.988
Narrow Road (feat. Lil Baby),NLE Choppa,240297,7/30/20,61,0.614,159.999
Go Stupid,Polo G,165726,5/15/20,72,0.92,141.034
Isis (feat. Logic),Joyner Lucas,236501,3/27/20,71,0.884,120.004
Gospel,Rich Brian,173294,5/12/17,65,0.681,156.004
Broke In A Minute,Tory Lanez,132023,4/10/20,74,0.929,120.009
Payroll (feat. Payroll Giovanni),Tee Grizzley,218400,3/20/20,49,0.587,129.633
GOKU,Jaden,192880,10/5/18,53,0.471,139.999
6locc 6a6y (feat. NLE Choppa) - Remix,Lil Loaded,176583,6/19/20,57,0.862,125.101
Fight Night,Migos,216247,6/3/14,14,0.874,89.961
Local Scammer - Remix,G4 Boyz,219249,6/26/20,51,0.86,148.987
New Level (feat. Future),A$AP Ferg,267211,12/18/15,61,0.526,121.127
Big Drip,Fivio Foreign,168306,11/13/19,50,0.814,139.956
King Kunta,Kendrick Lamar,234693,3/16/15,74,0.884,107.059
Recent Thoughts (Remastered),LANO,184111,2/21/21,0,0.957,120.122
Bayside With A Broad,Jupiter$ Tyrade,118285,5/14/21,0,0.763,140.042
"Never Recover (Lil Baby & Gunna, Drake)",Lil Baby,194732,10/5/18,71,0.753,132.055
Red Light Green Light,DaBaby,159082,6/25/21,72,0.933,119.987
Killer (feat. Jack Harlow & Cordae) - Remix,Eminem,236665,5/28/21,70,0.924,99.01
At Will (feat. EST Gee),G-Eazy,170840,7/30/21,51,0.824,124.972
OG Bang,Taz Conley,177831,9/16/22,27,0.644,171.032
Ups & Downs,Flannel Gang Plaid Click,258000,9/29/22,0,0.655,79.972
What'z My Name,Tayze,207046,8/23/22,0,0.738,129.932
Same Car,G.X.Uru,241133,7/25/22,39,0.796,137.97
Silent (I Might Love You),Michael Jacques Parker,271764,9/25/22,15,0.587,135.924
Do You Even,CILUS THE KID,136000,9/16/22,36,0.667,150.001
My Place,Michael Jacques Parker,193684,9/25/22,7,0.594,170.868
California Genie,Skyrae,217125,9/1/22,38,0.48,160.068
Let's Hear It,The Way I Be,231274,11/19/21,22,0.888,90.143
Reflections,Apothecary Raincoat,112232,9/9/22,26,0.628,142.006
Selfish,PnB Rock,245604,1/13/17,76,0.638,101.981
IT AIN'T SAFE (feat. Nardo Wick & Kodak Black),DJ Khaled,170197,8/26/22,71,0.742,147.958
Blues (feat. Future),G Herbo,145862,9/16/22,67,0.772,149.05
Seoul,AJ Tracey,171160,6/16/22,70,0.775,159.924
Scary Sight,Zack Ink,312000,8/19/22,59,0.6,149.962
STAYING ALIVE (feat. Drake & Lil Baby),DJ Khaled,178176,8/26/22,79,0.677,129.974
LA Leakers Freestyle,Central Cee,178000,9/9/22,76,0.797,142.001
Face Off,Tech N9ne,219802,10/8/21,74,0.693,80.882
N95,Kendrick Lamar,195950,5/13/22,52,0.79,139.956
pushin P (feat. Young Thug),Gunna,136266,1/7/22,19,0.773,77.502
Tik Tok,Steelo P.,207045,7/15/22,32,0.81,129.999
"T.D (Lil Yachty & Tierra Whack feat. A$AP Rocky & Tyler, The Creator)",Lil Yachty,232838,5/29/20,61,0.784,124.603
All She Wrote,KR MalaGrino,199209,5/14/22,21,0.485,141.122
"Run (feat. Tyga, 21 Savage & BIA)",YG,237623,6/24/22,67,0.817,101.028
From The D 2 The LBC (with Snoop Dogg),Eminem,215120,6/24/22,72,0.73,82.037
D.M.B.,A$AP Rocky,291611,5/5/22,69,0.727,140.014
Praise God,Kanye West,226652,8/29/21,17,0.798,118.029
Lethal,Project North,120000,2/14/19,40,0.76,141.806
Venom - Music From The Motion Picture,Eminem,269573,9/21/18,74,0.75,135.954
Cooped Up (with Roddy Ricch),Post Malone,185857,5/12/22,79,0.669,93.923
SERMON,Luqman,187812,9/23/22,18,0.837,144.109
Pressurelicious (feat. Future),Megan Thee Stallion,173061,7/21/22,70,0.844,146.976
Super,Cordae,177553,1/14/22,68,0.899,139.027
HOME,Mike Dimes,174915,2/15/22,66,0.895,118.019
Metaverse,Yung P,169813,9/9/22,21,0.903,102.529
Rookie Of The Year,Moneybagg Yo,120110,6/1/21,62,0.881,87.996
Freaky Money Luv,Just Rite da Bandit,192853,9/10/22,14,0.886,88.004
Intro (Hate On Me),Meek Mill,174805,10/1/21,58,0.647,150.995
Jumpin (feat. Polo G),NLE Choppa,181198,11/5/21,69,0.826,127.925
Surround Sound (feat. 21 Savage & Baby Tate),JID,229938,1/14/22,75,0.57,76.006
Eat It,Megan Thee Stallion,169420,10/29/21,61,0.843,137.932
Bad Man (Smooth Criminal),Polo G,106000,11/12/21,28,0.882,120.034
Doubted Me,LAF��N,193235,12/28/21,22,0.737,90.016
"Who Want Smoke?? (feat. G Herbo, Lil Durk & 21 Savage)",Nardo Wick,279853,10/8/21,72,0.739,75.575
Ye Not Crazy,Joyner Lucas,226758,4/1/22,64,0.862,145.191
Delivery,Meka,163471,5/29/19,29,0.888,130.142
Show No Love,XI,117500,6/30/22,24,0.837,133.011
LOST,NF,234852,3/26/21,61,0.637,116.919
JUGGERNAUT (feat. Lil Uzi Vert & Pharrell Williams),"Tyler, The Creator",146419,6/25/21,70,0.827,142.034
Hold That Heat (feat. Travis Scott),Southside,221538,4/22/22,72,0.744,130.045
skrtoff!,ela,127824,9/23/22,1,0.524,86.73
Sharing Locations (feat. Lil Baby & Lil Durk),Meek Mill,161052,8/27/21,70,0.681,151.951
Ambition For Cash,Key Glock,143480,10/1/21,71,0.841,149.012
Through The Storm,Cxc,220000,9/8/22,16,0.779,119.894
Interest,Decimus Ray,114427,8/21/22,20,0.929,100.993
Hot (feat. Moneybagg Yo),Meek Mill,150527,10/1/21,62,0.773,153.1
Man Of The Year,ScHoolboy Q,216013,1/1/14,71,0.749,111.914
Scatter Brain (feat. Ludacris & JID),Conway the Machine,209117,4/16/21,67,0.855,135.987
Ashes,Michael Seuss,192408,1/16/18,20,0.578,78.863
Lossa,Moh Ciss,134769,9/9/22,17,0.776,141.021
CAN'T TOUCH THIS,BIA,146597,10/22/21,62,0.975,125.953
Astronaut In The Ocean,Masked Wolf,132780,1/1/19,57,0.778,149.996
NEVER,JID,241682,3/10/17,63,0.594,103.974
Started From the Bottom,Drake,173160,1/1/13,44,0.792,86.32
Art of War (feat. Denzel Curry & Rico Nasty),Jasiah,186472,6/4/21,58,0.782,138.965
"Lane Switcha (feat. A$AP Rocky, Juicy J & Project Pat)",Skepta,168727,6/18/21,53,0.652,165.063
Gang Shit No Lame Shit,Key Glock,131600,11/23/18,72,0.828,115.071
...Leave...Me...Please...,Nok,288891,12/20/21,18,0.451,108.139
I Like It,Cardi B,253390,4/6/18,79,0.816,136.048
From The Garden (feat. Lil Uzi Vert),Isaiah Rashad,189306,7/30/21,58,0.866,142.04
Slick,Cris Gamble,199555,9/23/22,0,0.735,135.029
Crew (feat. Brent Faiyaz & Shy Glizzy),GoldLink,176702,3/24/17,76,0.728,129.938
What�۪s Next,Drake,178153,3/5/21,76,0.781,129.895
JU$T (feat. Pharrell Williams & Zack de la Rocha),Run The Jewels,205160,6/3/20,53,0.68,132.416
...Done...With...This...,Nok,354626,12/20/21,18,0.508,144.869
Show Out (with Skepta & Pop Smoke),Kid Cudi,174960,12/11/20,72,0.619,143.896
"King's Dead (with Kendrick Lamar, Future & James Blake)",Jay Rock,225266,2/9/18,64,0.566,81.774
Poke It Out (feat. J. Cole),Wale,183333,9/30/21,60,0.778,98.97
Top Floor,S.A. Vents,174000,8/29/22,23,0.784,80.036
Longest Time,Precedence,194944,4/12/20,28,0.748,120.039
LONDON (feat. J. Cole),BIA,250722,4/8/22,71,0.644,132.001
New Orleans,The Kyd,198991,9/2/22,25,0.733,150.01
Lemon Pepper Freestyle (feat. Rick Ross),Drake,383036,3/5/21,72,0.77,94.966
Rich MF (feat. Polo G & Lil Durk),Trippie Redd,247714,8/20/21,6,0.756,77.497
4 Da Gang (with Roddy Ricch),42 Dugg,156367,5/21/21,74,0.87,100.458
Clash (feat. Stormzy),Dave,251733,7/8/21,70,0.871,140.013
Broccoli,PRINCELY,152000,4/8/22,32,0.96,120.003
STATIC,MeanMelly,171441,9/2/22,29,0.859,116.029
Hurricane,Kanye West,243187,8/29/21,8,0.587,80.009
Bestie,DaBaby,111970,3/4/22,73,0.807,146.031
Go Crazy (feat. Big Sean & 2 Chainz),Megan Thee Stallion,225013,11/20/20,48,0.919,95.965
BANKROLL (feat. A$AP Rocky & A$AP Ferg),BROCKHAMPTON,202560,4/9/21,57,0.784,149.059
Proflexion,ProJeCtion,137142,9/30/22,0,0.906,139.986
Diamond Dogs,PM Lowe,193340,4/29/22,24,0.743,144.977
Shots At Your Captain,The Outcastkid,177893,4/10/22,24,0.953,119.975
Swingin',Luwidakid,165291,6/25/22,11,0.837,139.972
Body (Remix) - feat. Jack Harlow,Tion Wayne,168510,5/24/21,50,0.885,141.062
9 5 . s o u t h,J. Cole,196946,5/14/21,66,0.713,71.724
Need It (feat. YoungBoy Never Broke Again),Migos,195680,6/11/21,66,0.852,148.005
Ima Boss (feat. Rick Ross),Meek Mill,250240,5/23/11,65,0.37,79.092
Trophies,Young Money,188320,1/1/14,0,0.74,143.894
"Love, Drugs, and Money",Cole Zeus,186660,8/17/22,24,0.601,78.505
Pabla,Zeke Pablo,211800,5/22/22,15,0.895,100.092
Lunch Bag,Trub,149603,1/28/22,20,0.84,129.922
Mercy.1,Kanye West,326346,1/1/12,0,0.731,140.131
151 Rum,JID,156780,11/26/18,71,0.756,129.983
Never Leave,B tha One,167993,9/12/22,11,0.54,161.976
El Chapo,The Game,220078,10/16/15,56,0.747,127.096
'Till I Collapse,Eminem,297893,5/26/02,1,0.551,171.411
We Dem Boyz,Wiz Khalifa,224933,2/11/14,43,0.717,130.021
Caught Up,GiGi Polar,127546,9/30/22,0,0.79,151.202
Lose Yourself,Eminem,320626,11/24/14,74,0.689,171.403
Twisted Valentines,Blk Americana,194768,8/14/22,11,0.537,157.716
Mo��t Stained Margiela,Kayron,190960,9/13/22,17,0.471,117.285
Black and Yellow,Wiz Khalifa,217666,9/14/10,46,0.684,164.02
No Role Modelz,J. Cole,292986,12/9/14,11,0.692,100.45
Still D.R.E.,Dr. Dre,268004,11/16/99,0,0.814,93.43
Bad and Boujee (feat. Lil Uzi Vert),Migos,343150,4/7/17,19,0.926,127.079
Crash Out,Andez Santana,170781,8/12/22,25,0.553,91.491
"All I Do Is Win (feat. T-Pain, Ludacris, Snoop Dogg & Rick Ross)",DJ Khaled,232506,3/2/10,69,0.545,150.097
Red Nation,The Game,229480,1/1/11,63,0.405,82.918
War,ArrDee,166871,2/3/22,62,0.754,142.099
A Milli,Lil Wayne,221840,1/1/08,64,0.674,151.486
"Work Hard, Play Hard",Wiz Khalifa,219026,12/4/12,62,0.787,140.008
BOUNCE,Mykii J,167156,8/31/22,19,0.835,140.163
Let's Get It (Remix) [feat. 21 Savage],Hunxho,156995,2/18/22,64,0.863,80.073
No Cap,Lil Realist X,146400,9/27/21,15,0.954,100.016
Bugatti,Ace Hood,269266,1/1/13,63,0.6,130.205
Get Up,50 Cent,195680,1/1/08,57,0.707,92.435
Body,Megan Thee Stallion,171067,11/20/20,73,0.914,94.066
Perfect,Logic,100291,7/24/20,69,0.769,159.943
Slay3r,Playboi Carti,164590,12/25/20,63,0.885,140.028
Swerve,StarterKit Duke,120058,11/14/21,18,0.741,85.514
Zim Zimma,Joyner Lucas,239702,10/23/20,0,0.883,149.052
Push It,Rick Ross,208600,1/1/06,59,0.66,151.073
What It Feels Like,Nipsey Hussle,275162,2/12/21,46,0.394,86.897
Grinding All My Life,Nipsey Hussle,175040,2/16/18,67,0.6,180.165
Ballin,Logic,166080,6/15/18,70,0.737,150.621
Stupid Again,Tory Lanez,174848,4/10/20,64,0.775,120.059
Makaveli,Ombre2Choc Nation,294175,12/10/19,46,0.454,70.699
GATTI,JACKBOYS,181144,12/27/19,76,0.594,143.477
"New Level REMIX (feat. Future, A$AP Rocky & Lil Uzi Vert)",A$AP Ferg,251194,10/20/16,56,0.711,121.112
It's up Wit Me,KIDD 550,196000,7/27/22,33,0.637,147.92
Value,A$AP Ferg,166040,9/25/20,42,0.766,129.997
Solitaires (feat. Travis Scott),Future,205666,5/15/20,63,0.691,169.982
Who Dat Boy (feat. A$AP Rocky),"Tyler, The Creator",205093,7/21/17,69,0.706,115.414
Betrayal (feat. Drake),Trippie Redd,152024,8/21/21,62,0.74,158.114
I Be,Key Glock,193480,3/25/22,67,0.905,136.982
Z��ote Tarasy,Mr. Polska,146269,4/8/22,71,0.878,127.034
Narcyz,Chivas,144000,3/20/22,68,0.805,104.994
Du�_e Oczy,Smolasty,168750,8/5/21,67,0.788,127.951
Pakuje Walize,"Dawid, Artysta",154000,3/9/22,67,0.974,119.972
Awaryjne ��wiat��a,FRIZ,145846,6/17/22,67,0.889,129.975
Jetlag (feat. The Plug),Malik Montana,126084,2/6/22,66,0.823,124.952
Grill u Gawrona,Bia��as,172400,10/4/18,66,0.741,127.947
Blok,Mata,225360,10/1/21,65,0.794,123.068
Puerto Bounce,��abson,184615,5/31/21,64,0.851,86.667
Disney,Kizo,219268,6/24/21,63,0.806,122.984
Afterparty,White 2115,187080,6/24/22,63,0.751,127.043
GOMBAO 33,Mata,340106,1/17/20,63,0.744,125.984
Impreza,Sobel,165783,11/23/19,62,0.92,119.993
Jad�� noc�� na Mazurach 2,Kinny Zimmer,153600,4/26/22,63,0.808,124.992
VOGUE,Bedoes,218133,11/29/19,62,0.782,118.033
Robie YEAH,Malik Montana,173622,9/27/19,62,0.732,94.014
COCO,mgng,137992,8/17/21,61,0.763,129.993
NARCO TRAFFICANTE,Kronkel Dom,152113,10/22/21,61,0.846,141.956
Lot,Kizo,167111,4/6/22,61,0.741,134.927
Mog�� Dzi�� Umiera��,White 2115,171253,10/25/19,60,0.841,127.965
co to za bluza lanek?,SB Maffija,192480,1/28/22,60,0.854,125.985
Brudasy With Attitude (feat. Farid Bang),Malik Montana,151874,4/1/22,61,0.917,127.989
J��zyk cia��a,Tymek,201106,3/22/19,60,0.72,127.972
only&one,Kukon,206653,4/7/22,59,0.806,118.001
Polski Karnawa��,Young Igi,147692,2/24/22,59,0.851,130.019
Magenta (prod. Auer),Pezet,200333,9/27/19,59,0.742,132.996
3 Telefony,Malik Montana,133199,11/5/21,60,0.576,98.237
Rozmazana kreska,Kinny Zimmer,190880,11/17/21,58,0.759,159.88
Tr�_jk��t Bermudzki,Sentino,225000,3/22/22,58,0.645,128.072
UA,Reto,219120,6/29/18,58,0.711,91.061
Niewidzialny,Gibbs,184060,9/30/21,57,0.746,132.996
OBOK,��abson,182080,2/1/21,57,0.813,122.981
Anio��y I Demony,Tymek,210810,3/19/20,58,0.774,111.01
Tornado,Kizo,158769,8/11/22,58,0.891,130.072
Ca��y hajs,Kabe,193488,9/29/21,57,0.821,128.924
Powww!,Sentino,185600,1/6/22,57,0.833,149.897
Billy Kid,Reto,180531,7/9/20,58,0.764,140.032
Rok Tygrysa,Young Leosia,140968,4/25/22,57,0.845,127.991
Jeszcze pi���� minut,Kizo,160106,10/22/21,57,0.657,98.093
Poza kontrol��,Tymek,163757,3/22/19,57,0.803,126.013
Testarossa,Wiatr,233000,8/11/20,57,0.825,102.992
Ratuj,Smolasty,157953,12/2/21,57,0.784,124.017
Surfer,be vis,155280,5/17/18,57,0.823,120.06
BELWEDER (omamale),mgng,138750,9/24/21,57,0.804,128.044
Szklanki,Young Leosia,162407,9/23/21,57,0.953,124.968
halo,Favst,230479,9/21/20,57,0.736,119.96
Leave Me For Dead,NGO,156082,7/22/22,52,0.538,107.112
See Thru,Out The Park,174393,5/27/22,29,0.605,94.917
FYB!,YSN Flow,165660,8/5/22,46,0.714,141.907
Just For You,NGO,149333,4/8/22,33,0.363,179.606
play money,Caleb Cruise,139685,4/29/22,26,0.683,134.915
WORST WAY,Thewildcard,137400,5/20/22,37,0.569,98.407
WAIT FOR U (feat. Drake & Tems),Future,189893,5/2/22,62,0.463,83.389
Speed Dial,NGO,140903,2/26/21,26,0.432,79.522
Hotbox,YSN Flow,180800,5/2/22,47,0.757,149.411
Don Julio,Whookilledkenny,149815,7/22/22,33,0.741,77.492
RED,NGO,195000,7/23/21,24,0.819,127.996
Flyer Than I Even Been,Steven Cano,144285,9/23/22,11,0.444,168.721
712PM,Future,173186,5/2/22,69,0.711,146.971
SOS,NGO,170823,9/24/21,24,0.712,85.029
Faster,Lil Tecca,129638,8/5/22,72,0.641,153.902
Talk,Yeat,174857,9/2/22,82,0.698,139.998
Vette Motors,YoungBoy Never Broke Again,173419,6/10/22,69,0.83,155.103
Finesse (feat. Marvin Divine),NGO,166365,8/14/17,23,0.785,135.07
Save Me (feat. Lil Durk),Southside,173987,7/22/22,67,0.779,159.994
Die Young (feat. 347aidan),Sleepy Hallow,148816,5/25/22,82,0.808,77.471
Hear It Back (feat. Moneybagg Yo),Lil Durk,134907,6/24/22,72,0.766,140.055
Yummy,DJ Illanoise,162739,6/5/20,18,0.723,73.023
Waddup (feat. Polo G),PGF Nuk,181540,4/2/22,69,0.706,76.062
Rich Minion,Yeat,165517,6/29/22,73,0.639,145.058
I'M ON ONE (feat. Drake),Future,236186,5/2/22,60,0.773,76.977
True Love,Kanye West,148571,5/27/22,82,0.712,84.042
Scrape It Off (feat. Lil Uzi Vert & Don Toliver),Pusha T,152612,4/22/22,74,0.594,106.726
In My Head,Lil Tjay,135264,4/1/22,80,0.684,143.049
Banking On Me,Gunna,200000,2/14/22,76,0.793,135.143
PUFFIN ON ZOOTIEZ,Future,172933,5/2/22,71,0.883,124.992
Chosen (feat. Ty Dolla $ign),Blxst,161684,12/4/20,78,0.571,93.421
Huuuh,Lil Durk,174478,6/24/22,59,0.682,82.533
FOR FUN,Lil Uzi Vert,188059,7/25/22,49,0.775,134.028
Changed On Me (feat. Vory & Polo G),Fivio Foreign,241643,4/8/22,61,0.6,145.805
Publicity Stunt,Gucci Mane,196657,3/4/22,59,0.782,130.16
What Happened To Virgil (feat. Gunna),Lil Durk,181393,3/11/22,76,0.795,140.037
Off The Grid,Kanye West,339249,11/14/21,55,0.57,137.574
Elon Musk (feat. Gunna),DDG,205758,2/18/22,68,0.826,140.039
City of Gods,Fivio Foreign,256000,2/11/22,71,0.474,147.356
Petty Too (feat. Future),Lil Durk,159926,3/11/22,69,0.824,154.081
Worst Day,Future,184893,2/11/22,63,0.646,88.506
AHHH HA,Lil Durk,186538,3/11/22,65,0.676,156.005
Man in the Mirror,A Boogie Wit da Hoodie,215303,12/10/21,71,0.849,135.997
hibachi (feat. Kodak Black & 21 Savage),Roddy Ricch,170413,12/17/21,66,0.681,172.946
Me or Sum (feat. Future & Lil Baby),Nardo Wick,225533,12/3/21,73,0.534,160.333
Flossin�۪ (feat. YoungBoy Never Broke Again),Internet Money,168000,1/20/22,62,0.713,159.99
War,King Von,160133,3/4/22,64,0.915,131.919
Scared Money (feat. J. Cole and Moneybagg Yo),YG,204285,2/4/22,70,0.898,84.018
Risky,Lil Durk,218171,6/24/22,59,0.755,152.072
Already Dead,Juice WRLD,231220,12/10/21,7,0.744,83.51
Girls Want Girls (with Lil Baby),Drake,221979,9/3/21,80,0.767,86.975
Rumors (feat. Lil Durk),Gucci Mane,185855,1/25/22,70,0.688,159.897
V12 (feat. Lil Uzi Vert),iann dior,177835,9/14/21,59,0.705,164.941
too easy,Gunna,138586,9/24/21,64,0.798,155.964
No Where,YoungBoy Never Broke Again,157845,9/24/21,0,0.657,146.061
trademark usa,Baby Keem,270670,9/10/21,75,0.615,130.027
25 million,Roddy Ricch,204626,12/17/21,67,0.793,132.202
First Day Out,Tee Grizzley,254693,4/7/17,73,0.587,98.008
Power,Young Thug,187199,10/29/15,0,0.872,139.024
Epidemic,Polo G,177272,6/11/21,68,0.616,175.929
Facetime (feat. G Herbo),King Von,156133,3/4/22,58,0.845,79.972
REPEAT IT (with Gunna),Lil Tecca,190344,8/6/21,69,0.681,108.641
Evil Twins,King Von,115320,3/4/22,62,0.877,149.989
NOT SOBER (feat. Polo G & Stunna Gambino),The Kid LAROI,216000,7/23/21,71,0.671,119.82
Slippery (feat. Gucci Mane),Migos,304041,4/7/17,16,0.92,141.967
No Return (with The Kid LAROI & Lil Durk),Polo G,168728,6/11/21,66,0.479,155.057
p r i d e . i s . t h e . d e v i l (with Lil Baby),J. Cole,218210,5/14/21,79,0.861,88.967
Rich Gangsta (feat. Tee Grizzley),King Von,165529,3/4/22,54,0.804,174.904
SUVs (Black on Black),Jack Harlow,157675,8/3/21,71,0.801,162.928
POCKET ROCKET,Cochise,131500,8/20/21,73,0.711,160.931
Felina,WIU,225882,9/22/22,67,0.585,169.239
Vampiro,Matu̻,250434,3/29/22,81,0.782,114.994
Fim de Semana no Rio,Teto,165882,3/30/22,78,0.867,118.868
Posturaḍo,DomLaike,162782,8/15/22,71,0.693,114.965
Groupies,Doode,164571,9/28/21,71,0.845,139.955
Balazul,Teto,202909,6/7/22,76,0.843,110.077
Sonho Dos Cria,Filipe Ret,143255,6/16/22,74,0.766,128.993
Antes,Matu̻,169092,9/10/20,72,0.769,149.949
Tiffany,MD Chefe,152452,8/4/21,64,0.746,126.025
Dia Azul,Teto,138370,4/1/21,68,0.845,119.08
Sem D�_,Matu̻,267130,12/30/21,74,0.612,172.467
Fogo,Jovem Dex,155802,5/13/21,43,0.906,114.037
Mustang Preto,Teto,183000,10/10/21,70,0.917,111.023
Nesse Instante (feat. Vulgo FK & Caio Passos),WC no Beat,182509,12/16/21,44,0.685,131.573
202,Kweller,170000,8/9/22,79,0.76,119.992
Gorilla Roxo,Matu̻,165336,9/10/20,69,0.668,134.988
Rei Lacoste,MD Chefe,152051,8/4/21,63,0.896,119.964
Ṇo Sabem de Nada,Rashid,242384,8/31/22,49,0.67,120.927
Paypal,Teto,166153,4/1/21,68,0.888,130.067
X1,MC Cabelinho,188852,12/20/21,79,0.579,183.075
Quer Voar,Matu̻,187636,8/11/21,73,0.806,82.492
Pitbull,WIU,170400,11/2/21,60,0.647,149.969
M��quina do Tempo,Matu̻,230400,9/10/20,71,0.629,149.978
Bagulho Louco,Mc Paiva ZS,124238,1/25/22,79,0.531,170.085
Na Onda do Gin,WC no Beat,264057,11/18/21,67,0.758,147.081
Xeque-Mate (feat. Paiva Prod),IGOR,171789,9/24/20,51,0.652,95.053
Kenny G,Matu̻,189600,9/4/19,70,0.417,72.573
Aff,VICTIN,206829,6/10/22,53,0.55,121.172
Fragr̢ncia - Remix (feat. PL Quest),MD Chefe,171471,8/4/21,60,0.737,111.984
Konteiner,Filipe Ret,150697,6/16/22,74,0.797,128.993
Tapa,Jovem Dex,159010,5/13/21,53,0.807,79.977
777-666,Matu̻,164000,9/10/20,70,0.544,179.924
Festa Privada,Lz da Fran̤a,190677,6/24/22,30,0.643,117.986
Metflix,Mc Poze do Rodo,133333,7/20/22,77,0.505,174.322
Poema de Bandido,ike,202014,8/17/22,28,0.718,82.014
Manha,Teto,177442,4/1/21,65,0.913,140.009
Mant̩m,WIU,195692,10/9/19,62,0.754,129.983
Viẓo de Cria 2,Dallass,306141,8/1/22,73,0.688,127.061
Montblanc,MD Chefe,144043,8/4/21,52,0.74,119.968
Temporal,Hungria Hip Hop,277285,9/16/22,62,0.752,139.989
Chamando Aten̤̣o,CJota,136423,8/23/22,43,0.674,116.916
�� Sal,Matu̻,157687,9/10/20,69,0.708,159.915
Luz da Lua,Oriente,203520,10/21/21,51,0.76,125.038
Vem Chapar,Matu̻,165789,9/10/20,61,0.696,94.936
Tava Bom,Mateca,226666,6/7/22,63,0.692,144.143
Money Rain,Jovem Dex,208031,5/13/21,53,0.833,119.94
Burberry,MD Chefe,164181,4/12/22,55,0.759,109.916
O Fim ̩ Triste (feat. DJ BOY),MC Hariel,158117,6/17/22,76,0.75,56.271
Casal 171,ike,201857,3/23/22,41,0.769,139.977
Momento (feat. Luccas Carlos),WC no Beat,202218,3/26/22,46,0.822,133.064
Cogul̢ndia,Matu̻,120000,9/10/20,66,0.88,129.955
��TPM,Jovem Dex,180937,5/13/21,53,0.821,129.984
N�� SEGREDO,MC Cabelinho,155771,9/19/22,68,0.654,103.548
Jogo Virou,Cacife Clandestino,143111,5/10/19,43,0.66,134.895
Animais,Oreia,136000,3/31/22,28,0.777,120
Fashion,Teto,145531,4/1/21,59,0.9,93.953
Me Sinto Aben̤oado,Mc Poze do Rodo,214235,12/7/21,74,0.729,117.918
22K,MD Chefe,170152,4/28/22,53,0.776,119.989
Malvada,ike,193548,11/10/21,37,0.584,93.079
Cruzeiro da Revoada,Hungria Hip Hop,222603,11/19/21,70,0.869,123.126
Dior,BIN,229894,6/13/22,74,0.802,94.977
Rambo,Jovem Dex,139014,5/13/21,47,0.788,119.954
Anos Luz,Matu̻,264035,11/10/17,69,0.634,109.817
Opala,SEST,146802,8/6/21,30,0.755,92.078
Praia do Rosa - Ac̼stico,Oriente,256523,11/23/18,61,0.57,90.653
Malvaḍo 3,Xaṃ,141769,11/30/21,75,0.821,133.133
Tato e Sutileza,MD Chefe,170057,4/28/22,38,0.538,87.454
Flores e Facas,Murica,168000,8/12/22,45,0.635,126.724
A Cara do Crime 3 (Brinde �� Liberdade),Mc Poze do Rodo,300689,5/27/22,73,0.616,173.817
Corte Americano,Filipe Ret,139534,4/22/21,73,0.728,129.055
Nossa Hist�_ria,WC no Beat,238272,1/28/21,37,0.781,95.55
Obama,Jovem Dex,186677,5/13/21,47,0.806,125.933
A Lua - Spotify Singles,Teto,159157,11/17/21,55,0.676,95.03
EUROPA (feat. Gson),Mizzy Miles,216800,6/1/22,63,0.794,98.05
Pandora,DJ Matt D,177000,11/26/21,74,0.688,124.553
Falar de Amor,Oreia,222000,8/16/22,30,0.473,156.179
GIN,WC no Beat,209045,8/20/20,34,0.721,138.883
"Oi, Como Ce T��?",Vulgo FK,156153,2/18/22,71,0.704,156.101
Motorola,Pineapple StormTv,182460,9/9/22,55,0.759,128.431
Nessa Vida,IGOR,189233,3/17/22,40,0.468,115.158
Mandona - Ac̼stico,Oriente,239999,11/19/18,59,0.652,88.755
demor̫,Konai,159000,8/27/21,37,0.644,89.976
212,Chefin,150610,1/15/22,73,0.789,154.037
Salserin #1 - Para,IGOR,210429,4/8/21,50,0.822,115.032
Baile da Serra,Brạo,205058,4/29/22,71,0.801,109.797
"Louis V, Menina Linda - Ao Vivo no REP Festival",REP Festival,207658,8/16/22,38,0.678,127.052
Me Espera,Cacife Clandestino,242218,11/7/19,39,0.767,140.062
"P�_lula Vermelha, P�_lula Azul (Incidental: Banditismo por uma Quesṭo de Classe)",Rashid,189098,4/20/22,36,0.766,79.979
A Nova Era,Chefin,194312,7/7/22,67,0.523,130.91
Yakuza,Jovem Dex,140581,5/13/21,51,0.882,140.13
F* F* M*,Filipe Ret,176000,4/22/21,71,0.866,119.982
Favela No Topo,Hungria Hip Hop,262200,11/19/21,62,0.892,125.027
Levanta e Anda (feat. Rael) - Ao Vivo,Emicida,192253,4/21/18,39,0.381,80.712
Salserin #2 - M�_ Paz (feat. Neo Beats),IGOR,283764,1/13/22,40,0.758,113.583
I'm On It,Joshua F. Bentley,146742,8/24/22,37,0.693,175.065
5K,o24,142857,9/28/22,0,0.668,105.521
I Need a Doctor,Dr. B,201039,8/2/22,39,0.676,90.276
Make It Bacc,Kenny Benji,207464,9/22/22,16,0.808,139.999
IN MY BAG,BIG VENTI,157557,8/19/22,26,0.696,130.996
Medusa Freestyle,Michael Jacques Parker,171428,9/25/22,7,0.655,146.917
Model 3,RTC,192000,6/17/22,36,0.85,140.011
Barbie Girl,Fully Top Dolla,176725,7/4/22,24,0.713,142.035
Got The Sauce,OG Gazo,192000,5/21/21,37,0.599,94.832
ManDEM,Fully Top Dolla,184677,8/20/22,31,0.795,144.073
Wet Me Up,Jay Threatt,246567,8/28/22,30,0.816,125.034
GOD NEWIT,Shaka Banton,189350,9/13/22,22,0.322,76.666
Under The Influence,Chris Brown,184613,10/4/19,95,0.733,116.992
I Like You (A Happier Song) (with Doja Cat),Post Malone,192840,6/3/22,92,0.733,100.964
Super Freaky Girl,Nicki Minaj,170977,8/12/22,92,0.95,133.01
Vegas (From the Original Motion Picture Soundtrack ELVIS),Doja Cat,182906,5/6/22,90,0.801,159.969
IFTK,Tion Wayne,190684,5/12/22,76,0.614,146.235
Sticky,Drake,243227,6/17/22,83,0.853,137.027
Falling Back,Drake,266178,6/16/22,64,0.718,118.989
It's A Vibe,2 Chainz,210200,6/16/17,70,0.822,73.003
See You Again (feat. Kali Uchis),"Tyler, The Creator",180386,7/21/17,85,0.558,78.558
Jocelyn Flores,XXXTENTACION,119133,8/25/17,84,0.872,134.021
Passionfruit,Drake,298940,3/18/17,83,0.809,111.98
Unforgettable,French Montana,233901,7/14/17,82,0.726,97.985
LOVE. FEAT. ZACARI.,Kendrick Lamar,213400,4/14/17,82,0.8,126.058
Let You Down,NF,212120,10/6/17,80,0.662,147.997
Him & I (with Halsey),G-Eazy,268866,12/15/17,79,0.589,87.908
Everybody Dies In Their Nightmares,XXXTENTACION,95466,8/25/17,84,0.734,129.953
1-800-273-8255,Logic,250173,5/5/17,78,0.62,100.023
Lie,NF,209213,10/6/17,76,0.513,94.791
Do Not Disturb,Drake,283550,3/18/17,75,0.618,170.982
Neon Guts (feat. Pharrell Williams),Lil Uzi Vert,258789,8/25/17,75,0.859,119.934
911 / Mr. Lonely (feat. Frank Ocean & Steve Lacy),"Tyler, The Creator",255653,7/21/17,75,0.48,90.034
Glorious (feat. Skylar Grey),Macklemore,220454,9/22/17,75,0.731,139.994
beamer boy,Lil Peep,203373,6/8/17,75,0.743,123.994
River (feat. Ed Sheeran),Eminem,221013,12/15/17,74,0.748,90.09
Some Way,NAV,179773,2/24/17,73,0.744,154.962
LOYALTY. FEAT. RIHANNA.,Kendrick Lamar,227360,4/14/17,73,0.658,110.684
4:44,JAY-Z,284493,7/7/17,72,0.261,177.997
ELEMENT.,Kendrick Lamar,208733,4/14/17,72,0.748,189.891
Myself,NAV,226040,2/24/17,71,0.749,80.032
Zosia,Bia��as,141663,5/8/22,67,0.826,139.993
Wsch�_d (lubi�� zapierdala��),Bedoes,248986,11/29/19,64,0.612,143.098
Je�_yk!,Oki,208676,4/11/22,64,0.73,136.023
Jestem Bogiem,Paktofonika,202306,12/18/00,63,0.564,180.13
Proste fakty,SB Maffija,218827,1/28/22,64,0.718,144.059
Blask,Reto,211225,10/1/21,62,0.714,149.931
WI��CEJ DYMU,2115,165000,4/30/22,62,0.814,165.894
HARD FLEX DRIVE,Kukon,160799,4/7/22,62,0.743,100.036
Ameryka��skie Teledyski,Oki,196200,5/6/21,61,0.689,180.019
Jakbym Mia�� W R��ku Klamk��,Chivas,167200,5/20/21,61,0.723,122.959
Icey,��abson,149647,1/13/22,61,0.772,169.879
dddd,Favst,175493,12/10/21,60,0.73,90.021
Bandyta,Sobel,156013,4/15/21,60,0.698,150.976
XO,Chivas,164360,5/20/21,60,0.696,89.984
Myto,Kizo,154838,6/16/22,61,0.813,154.684
��YCIA SCHEMAT,Gruby AK47,147000,3/10/22,59,0.811,90.024
Na blokach,Kali,167495,6/9/22,59,0.789,174.044
Agrest i bez,SB Maffija,241026,1/28/22,58,0.724,141.876
Bestia,Young Igi,197885,10/19/18,58,0.645,94.055
NA FORACH,Rusina,202886,3/30/22,58,0.792,97.022
WIFI,Guzior,207432,6/8/18,58,0.683,119.84
Bez Strachu,Paluch,270459,12/20/13,57,0.543,106.43
Per��y,Oki,142866,6/9/22,57,0.576,90.016
PRZEGRA��EM Z FUKAJEM,Fukaj,214064,2/21/22,56,0.676,91.032
La vida loca,White 2115,153813,8/31/18,56,0.641,75.059
1998 (mam to we krwi),Bedoes,232133,11/29/19,56,0.721,148.747
Kr�_l balu,Kizo,161032,7/28/21,55,0.769,77.522
Flary,PRO8L3M,211384,3/16/18,55,0.53,128.459
Baba Hassan,Pusher,113598,5/20/22,55,0.671,164.976
Bardziej Sob�� Ni�_ Kiedykolwiek,Oki,211956,6/9/22,55,0.599,87.27
Wodospady,Popek,182000,3/1/16,54,0.572,137.016
Szaman,Paluch,248195,11/25/16,54,0.854,124.044
Testarossa,Wiatr,233000,7/8/21,54,0.82,103.041
Rockstar,White 2115,189853,8/31/18,55,0.712,162.763
Sukcesu Cena,Malik Montana,130798,12/3/21,54,0.859,123.043
M��ody Boss,��abson,245533,2/1/21,54,0.89,111.991
Czempion,Kizo,201178,11/12/18,55,0.509,213.744
Buty Na Rzepy,Young Igi,201428,3/10/22,53,0.955,111.889
Ka�_dy blok,Paluch,206666,6/2/21,54,0.794,144.047
M��WILI,Malik Montana,189320,5/25/18,53,0.77,169.943
Wiking,Sarius,176346,8/31/18,53,0.663,164.085
Half Dead,Quebonafide,278742,6/14/17,53,0.867,120.036
Na 100,Wac Toja,171000,4/24/22,52,0.66,160.042
wiesz jak jest,Miszel,136000,4/29/22,52,0.692,144.985
Kuchnia Polska,Kizo,175227,6/16/22,52,0.738,87.99
BIZNES,Jan-Rapowanie,224347,3/11/22,52,0.877,91.984
Casablanca,BLACHA,144639,7/29/18,52,0.715,121.077
Meow,Beteo,187013,10/26/18,51,0.756,98.951
J$,Szpaku,185625,6/14/22,51,0.688,128.004